game_date,home_team,away_team,model_prob_home,moneyline_home,moneyline_away,has_edge,bet_side,bet_edge_pct,bet_odds,kelly_frac,expected_value,home_won,result_correct,pnl_per_unit
2022-10-18,GSW,LAL,0.7964,-285.0,240.0,False,,,,0.0,,1,,
2022-10-18,BOS,PHI,0.6156,-145.0,125.0,False,,,,0.0,,1,,
2022-10-19,SAS,CHA,0.4794,-115.0,-115.0,False,,,,0.0,,0,,
2022-10-19,PHX,DAL,0.6536,-175.0,150.0,False,,,,0.0,,1,,
2022-10-19,ATL,HOU,0.8236,-520.0,380.0,False,,,,0.0,,1,,
2022-10-19,DET,ORL,0.6376,-165.0,135.0,False,,,,0.0,,1,,
2022-10-19,MEM,NYK,0.7438,-185.0,150.0,False,,,,0.0,,1,,
2022-10-19,BKN,NOP,0.451,-145.0,115.0,False,,,,0.0,,0,,
2022-10-19,MIA,CHI,0.5731,-475.0,350.0,True,CHI,21.49,350.0,5.0,0.921,0,1.0,3.5
2022-10-19,MIN,OKC,0.8226,-600.0,450.0,False,,,,0.0,,1,,
2022-10-19,TOR,CLE,0.7365,-165.0,135.0,False,,,,0.0,,1,,
2022-10-19,SAC,POR,0.5273,-135.0,105.0,False,,,,0.0,,0,,
2022-10-19,IND,WAS,0.4119,120.0,-140.0,False,,,,0.0,,0,,
2022-10-19,UTA,DEN,0.6312,220.0,-260.0,False,,,,0.0,,1,,
2022-10-20,PHI,MIL,0.4876,-180.0,155.0,False,,,,0.0,,0,,
2022-10-20,LAL,LAC,0.2757,165.0,-205.0,False,,,,0.0,,0,,
2022-10-21,MIA,BOS,0.3483,110.0,-140.0,False,,,,0.0,,0,,
2022-10-21,HOU,MEM,0.25,230.0,-290.0,False,,,,0.0,,0,,
2022-10-21,WAS,CHI,0.4897,-130.0,100.0,False,,,,0.0,,1,,
2022-10-21,NYK,DET,0.6349,-280.0,235.0,False,,,,0.0,,1,,
2022-10-21,POR,PHX,0.325,160.0,-195.0,False,,,,0.0,,1,,
2022-10-21,IND,SAS,0.3086,-110.0,-120.0,False,,,,0.0,,0,,
2022-10-21,BKN,TOR,0.5155,-145.0,125.0,False,,,,0.0,,1,,
2022-10-21,ATL,ORL,0.7967,-365.0,300.0,False,,,,0.0,,1,,
2022-10-21,MIN,UTA,0.534,-325.0,270.0,True,UTA,20.49,270.0,5.0,0.7244,0,1.0,2.7
2022-10-21,CHA,NOP,0.5494,225.0,-265.0,True,CHA,25.17,225.0,5.0,0.7855,0,0.0,-1.0
2022-10-21,GSW,DEN,0.5317,-205.0,165.0,False,,,,0.0,,0,,
2022-10-22,MIL,HOU,0.8622,-1000.0,625.0,False,,,,0.0,,1,,
2022-10-22,PHI,SAS,0.6692,-850.0,600.0,False,,,,0.0,,0,,
2022-10-22,CHI,CLE,0.4687,-110.0,-120.0,False,,,,0.0,,0,,
2022-10-22,DEN,OKC,0.8053,-365.0,300.0,False,,,,0.0,,1,,
2022-10-22,MIA,TOR,0.5647,-165.0,140.0,False,,,,0.0,,1,,
2022-10-22,SAC,LAC,0.306,120.0,-140.0,False,,,,0.0,,0,,
2022-10-22,ORL,BOS,0.2602,310.0,-380.0,False,,,,0.0,,0,,
2022-10-22,IND,DET,0.52,-115.0,-105.0,False,,,,0.0,,1,,
2022-10-22,DAL,MEM,0.6537,-210.0,170.0,False,,,,0.0,,1,,
2022-10-23,NOP,UTA,0.5005,-335.0,260.0,True,UTA,23.44,260.0,5.0,0.7982,0,1.0,2.6
2022-10-23,OKC,MIN,0.1343,340.0,-425.0,False,,,,0.0,,0,,
2022-10-23,LAC,PHX,0.4166,100.0,-130.0,False,,,,0.0,,0,,
2022-10-23,ATL,CHA,0.4984,-450.0,360.0,True,CHA,29.17,360.0,5.0,1.3074,0,1.0,3.6
2022-10-23,LAL,POR,0.5203,-210.0,170.0,False,,,,0.0,,0,,
2022-10-23,GSW,SAC,0.8057,-460.0,370.0,False,,,,0.0,,1,,
2022-10-23,CLE,WAS,0.5942,-155.0,125.0,False,,,,0.0,,1,,
2022-10-24,CHI,BOS,0.3704,285.0,-375.0,False,,,,0.0,,1,,
2022-10-24,POR,DEN,0.3605,165.0,-205.0,False,,,,0.0,,1,,
2022-10-24,PHI,IND,0.7027,-750.0,550.0,False,,,,0.0,,1,,
2022-10-24,HOU,UTA,0.3086,115.0,-135.0,False,,,,0.0,,1,,
2022-10-24,MIN,SAS,0.5405,-265.0,210.0,True,SAS,15.19,210.0,5.0,0.4245,0,1.0,2.1
2022-10-24,NYK,ORL,0.8209,-295.0,245.0,False,,,,0.0,,1,,
2022-10-24,MIA,TOR,0.5082,-160.0,130.0,False,,,,0.0,,0,,
2022-10-24,MEM,BKN,0.7118,-125.0,105.0,False,,,,0.0,,1,,
2022-10-25,PHX,GSW,0.7252,-120.0,100.0,False,,,,0.0,,1,,
2022-10-25,OKC,LAC,0.3529,190.0,-225.0,False,,,,0.0,,1,,
2022-10-25,NOP,DAL,0.5788,105.0,-135.0,False,,,,0.0,,1,,
2022-10-25,WAS,DET,0.56,-235.0,190.0,False,,,,0.0,,1,,
2022-10-26,CLE,ORL,0.8057,-390.0,295.0,False,,,,0.0,,1,,
2022-10-26,MIL,BKN,0.6389,-205.0,165.0,False,,,,0.0,,1,,
2022-10-26,DET,ATL,0.2121,310.0,-410.0,False,,,,0.0,,0,,
2022-10-26,CHI,IND,0.5966,-270.0,215.0,False,,,,0.0,,1,,
2022-10-26,MIN,SAS,0.5976,-435.0,350.0,True,SAS,18.78,350.0,5.0,0.8108,1,0.0,-1.0
2022-10-26,POR,MIA,0.2652,100.0,-130.0,False,,,,0.0,,0,,
2022-10-26,DEN,LAL,0.7939,-220.0,180.0,False,,,,0.0,,1,,
2022-10-26,UTA,HOU,0.9039,-540.0,390.0,False,,,,0.0,,1,,
2022-10-26,NYK,CHA,0.6093,-305.0,255.0,False,,,,0.0,,1,,
2022-10-26,TOR,PHI,0.5209,-110.0,-120.0,False,,,,0.0,,1,,
2022-10-27,OKC,LAC,0.3923,215.0,-255.0,False,,,,0.0,,1,,
2022-10-27,BKN,DAL,0.3786,125.0,-145.0,False,,,,0.0,,0,,
2022-10-27,GSW,MIA,0.7044,-215.0,185.0,False,,,,0.0,,1,,
2022-10-27,SAC,MEM,0.2283,-130.0,100.0,False,,,,0.0,,0,,
2022-10-28,WAS,IND,0.6064,-190.0,160.0,False,,,,0.0,,0,,
2022-10-28,POR,HOU,0.5,-205.0,165.0,False,,,,0.0,,1,,
2022-10-28,SAS,CHI,0.5633,155.0,-180.0,True,SAS,18.44,155.0,5.0,0.4364,1,1.0,1.55
2022-10-28,BOS,CLE,0.6563,-265.0,225.0,False,,,,0.0,,0,,
2022-10-28,PHX,NOP,0.7589,-325.0,270.0,False,,,,0.0,,1,,
2022-10-28,MIN,LAL,0.7674,-305.0,240.0,False,,,,0.0,,1,,
2022-10-28,MIL,NYK,0.7116,-270.0,215.0,False,,,,0.0,,1,,
2022-10-28,DEN,UTA,0.6909,-295.0,245.0,False,,,,0.0,,1,,
2022-10-28,DET,ATL,0.291,180.0,-210.0,False,,,,0.0,,0,,
2022-10-28,ORL,CHA,0.4116,100.0,-120.0,False,,,,0.0,,1,,
2022-10-28,TOR,PHI,0.5278,-175.0,150.0,False,,,,0.0,,0,,
2022-10-29,CHI,PHI,0.454,115.0,-135.0,False,,,,0.0,,0,,
2022-10-29,CHA,GSW,0.5686,390.0,-490.0,False,,,,0.0,,1,,
2022-10-29,BKN,IND,0.6969,-580.0,440.0,False,,,,0.0,,0,,
2022-10-29,MIL,ATL,0.6087,-210.0,180.0,False,,,,0.0,,1,,
2022-10-29,DAL,OKC,0.7061,-500.0,400.0,False,,,,0.0,,0,,
2022-10-29,UTA,MEM,0.5548,135.0,-155.0,False,,,,0.0,,1,,
2022-10-29,SAC,MIA,0.4062,150.0,-175.0,False,,,,0.0,,1,,
2022-10-30,PHX,HOU,0.8739,-850.0,600.0,False,,,,0.0,,1,,
2022-10-30,LAL,DEN,0.3623,110.0,-140.0,False,,,,0.0,,1,,
2022-10-30,CLE,NYK,0.5699,-165.0,140.0,False,,,,0.0,,1,,
2022-10-30,LAC,NOP,0.5377,-125.0,105.0,False,,,,0.0,,0,,
2022-10-30,DAL,ORL,0.8356,-390.0,320.0,False,,,,0.0,,1,,
2022-10-30,BOS,WAS,0.8512,-425.0,340.0,False,,,,0.0,,1,,
2022-10-30,SAS,MIN,0.5199,195.0,-230.0,True,SAS,19.26,195.0,5.0,0.5336,1,1.0,1.95
2022-10-30,DET,GSW,0.4185,230.0,-275.0,False,,,,0.0,,1,,
2022-10-31,TOR,ATL,0.5332,-130.0,100.0,False,,,,0.0,,1,,
2022-10-31,LAC,HOU,0.8151,-380.0,290.0,False,,,,0.0,,1,,
2022-10-31,MIL,DET,0.9201,-875.0,575.0,False,,,,0.0,,1,,
2022-10-31,UTA,MEM,0.5867,120.0,-140.0,False,,,,0.0,,1,,
2022-10-31,CHA,SAC,0.6317,140.0,-165.0,False,,,,0.0,,0,,
2022-10-31,BKN,IND,0.6994,-315.0,245.0,False,,,,0.0,,1,,
2022-10-31,WAS,PHI,0.3951,125.0,-145.0,False,,,,0.0,,0,,
2022-11-01,BKN,CHI,0.4399,-135.0,115.0,False,,,,0.0,,0,,
2022-11-01,MIA,GSW,0.5631,-120.0,-110.0,False,,,,0.0,,1,,
2022-11-01,PHX,MIN,0.7627,-170.0,145.0,False,,,,0.0,,1,,
2022-11-01,OKC,ORL,0.5192,-175.0,140.0,False,,,,0.0,,1,,
2022-11-02,DAL,UTA,0.5903,-255.0,215.0,False,,,,0.0,,1,,
2022-11-02,MIA,SAC,0.7361,-195.0,165.0,False,,,,0.0,,1,,
2022-11-02,MIL,DET,0.8409,-645.0,480.0,False,,,,0.0,,1,,
2022-11-02,SAS,TOR,0.487,240.0,-305.0,True,SAS,20.61,240.0,5.0,0.6558,0,0.0,-1.0
2022-11-02,HOU,LAC,0.3012,175.0,-215.0,False,,,,0.0,,0,,
2022-11-02,CHI,CHA,0.4851,-300.0,235.0,True,CHA,23.02,235.0,5.0,0.7248,1,0.0,-1.0
2022-11-02,NYK,ATL,0.5089,-140.0,110.0,False,,,,0.0,,0,,
2022-11-02,POR,MEM,0.2212,185.0,-230.0,False,,,,0.0,,0,,
2022-11-02,CLE,BOS,0.4668,100.0,-130.0,False,,,,0.0,,1,,
2022-11-02,LAL,NOP,0.4221,-105.0,-125.0,False,,,,0.0,,1,,
2022-11-02,PHI,WAS,0.6582,-215.0,185.0,False,,,,0.0,,0,,
2022-11-03,OKC,DEN,0.2915,205.0,-255.0,False,,,,0.0,,0,,
2022-11-03,ORL,GSW,0.3986,330.0,-440.0,True,ORL,17.65,330.0,5.0,0.7139,1,1.0,3.3
2022-11-04,MIN,MIL,0.4286,110.0,-130.0,False,,,,0.0,,0,,
2022-11-04,IND,MIA,0.4544,115.0,-145.0,False,,,,0.0,,1,,
2022-11-04,NOP,GSW,0.7391,-520.0,410.0,False,,,,0.0,,1,,
2022-11-04,BOS,CHI,0.6639,-280.0,220.0,False,,,,0.0,,1,,
2022-11-04,PHI,NYK,0.6212,-115.0,-115.0,False,,,,0.0,,0,,
2022-11-04,SAS,LAC,0.4013,110.0,-140.0,False,,,,0.0,,0,,
2022-11-04,WAS,BKN,0.3532,-145.0,115.0,False,,,,0.0,,0,,
2022-11-04,DAL,TOR,0.5353,-185.0,150.0,False,,,,0.0,,1,,
2022-11-04,MEM,CHA,0.6279,-625.0,440.0,True,CHA,19.53,440.0,5.0,1.0093,1,0.0,-1.0
2022-11-04,PHX,POR,0.7816,-790.0,530.0,False,,,,0.0,,0,,
2022-11-04,LAL,UTA,0.3288,-185.0,150.0,True,UTA,28.99,150.0,5.0,0.678,0,1.0,1.5
2022-11-04,DET,CLE,0.3079,135.0,-165.0,False,,,,0.0,,0,,
2022-11-05,CHA,BKN,0.4046,140.0,-165.0,False,,,,0.0,,0,,
2022-11-05,PHX,POR,0.8731,-580.0,440.0,False,,,,0.0,,1,,
2022-11-05,MIL,OKC,0.7996,-240.0,195.0,False,,,,0.0,,1,,
2022-11-05,MIN,HOU,0.7872,-325.0,255.0,False,,,,0.0,,1,,
2022-11-05,ORL,SAC,0.4715,150.0,-185.0,False,,,,0.0,,0,,
2022-11-05,DEN,SAS,0.7216,-600.0,430.0,False,,,,0.0,,1,,
2022-11-05,NYK,BOS,0.4791,150.0,-175.0,False,,,,0.0,,0,,
2022-11-05,ATL,NOP,0.6483,-120.0,100.0,False,,,,0.0,,1,,
2022-11-06,TOR,CHI,0.7909,-175.0,150.0,False,,,,0.0,,1,,
2022-11-06,LAL,CLE,0.3491,165.0,-205.0,False,,,,0.0,,0,,
2022-11-06,LAC,UTA,0.496,-155.0,125.0,False,,,,0.0,,0,,
2022-11-06,MEM,WAS,0.8193,-410.0,310.0,False,,,,0.0,,1,,
2022-11-07,LAC,CLE,0.5829,135.0,-165.0,False,,,,0.0,,1,,
2022-11-07,ORL,HOU,0.5547,-110.0,-120.0,False,,,,0.0,,0,,
2022-11-07,IND,NOP,0.4716,-110.0,-120.0,False,,,,0.0,,1,,
2022-11-07,SAS,DEN,0.4308,700.0,-1200.0,False,,,,0.0,,0,,
2022-11-07,DET,OKC,0.5057,160.0,-195.0,False,,,,0.0,,1,,
2022-11-07,MIN,NYK,0.5518,1300.0,-4000.0,False,,,,0.0,,0,,
2022-11-07,GSW,SAC,0.7247,100.0,-130.0,False,,,,0.0,,1,,
2022-11-07,PHI,PHX,0.5009,-315.0,245.0,True,PHX,22.27,245.0,5.0,0.7218,1,0.0,-1.0
2022-11-07,DAL,BKN,0.6824,-180.0,145.0,False,,,,0.0,,1,,
2022-11-07,ATL,MIL,0.5419,-125.0,-105.0,False,,,,0.0,,1,,
2022-11-07,CHA,WAS,0.5661,-155.0,125.0,False,,,,0.0,,0,,
2022-11-07,UTA,LAL,0.809,-775.0,520.0,False,,,,0.0,,1,,
2022-11-07,MIA,POR,0.6853,-1300.0,750.0,False,,,,0.0,,0,,
2022-11-07,CHI,TOR,0.4822,-5000.0,1400.0,False,,,,0.0,,1,,
2022-11-07,MEM,BOS,0.3336,105.0,-135.0,False,,,,0.0,,0,,
2022-11-09,BOS,DET,0.8601,-850.0,600.0,False,,,,0.0,,1,,
2022-11-09,ATL,UTA,0.514,-190.0,160.0,False,,,,0.0,,0,,
2022-11-09,MIN,PHX,0.3485,-130.0,100.0,False,,,,0.0,,0,,
2022-11-09,IND,DEN,0.323,165.0,-205.0,False,,,,0.0,,0,,
2022-11-09,CHI,NOP,0.4931,110.0,-130.0,False,,,,0.0,,0,,
2022-11-09,ORL,DAL,0.3626,290.0,-380.0,False,,,,0.0,,1,,
2022-11-09,SAC,CLE,0.3833,155.0,-180.0,False,,,,0.0,,1,,
2022-11-09,TOR,HOU,0.9228,-475.0,380.0,False,,,,0.0,,1,,
2022-11-09,LAC,LAL,0.7398,-135.0,105.0,False,,,,0.0,,1,,
2022-11-09,OKC,MIL,0.3357,-105.0,-115.0,False,,,,0.0,,0,,
2022-11-09,SAS,MEM,0.4466,190.0,-225.0,False,,,,0.0,,0,,
2022-11-09,BKN,NYK,0.6363,-155.0,125.0,False,,,,0.0,,1,,
2022-11-09,CHA,POR,0.5558,-120.0,-110.0,False,,,,0.0,,0,,
2022-11-10,NOP,POR,0.7192,-435.0,350.0,False,,,,0.0,,0,,
2022-11-10,MIA,CHA,0.7858,-570.0,410.0,False,,,,0.0,,1,,
2022-11-10,ATL,PHI,0.5268,-120.0,100.0,False,,,,0.0,,1,,
2022-11-10,WAS,DAL,0.5764,190.0,-225.0,True,WAS,24.4,190.0,5.0,0.6717,1,1.0,1.9
2022-11-11,MEM,MIN,0.7505,-175.0,150.0,False,,,,0.0,,1,,
2022-11-11,ORL,PHX,0.3545,250.0,-300.0,False,,,,0.0,,1,,
2022-11-11,SAS,MIL,0.4472,-130.0,110.0,False,,,,0.0,,1,,
2022-11-11,GSW,CLE,0.5638,-155.0,135.0,False,,,,0.0,,1,,
2022-11-11,OKC,TOR,0.2436,175.0,-205.0,False,,,,0.0,,1,,
2022-11-11,NYK,DET,0.7724,-380.0,290.0,False,,,,0.0,,1,,
2022-11-11,LAL,SAC,0.3776,145.0,-170.0,False,,,,0.0,,0,,
2022-11-11,BOS,DEN,0.7145,-175.0,150.0,False,,,,0.0,,1,,
2022-11-12,NOP,HOU,0.8267,-500.0,400.0,False,,,,0.0,,1,,
2022-11-12,DAL,POR,0.7149,-255.0,215.0,False,,,,0.0,,1,,
2022-11-12,IND,TOR,0.4347,-140.0,120.0,False,,,,0.0,,1,,
2022-11-12,LAC,BKN,0.4984,-125.0,-105.0,False,,,,0.0,,0,,
2022-11-12,DET,BOS,0.3415,300.0,-365.0,False,,,,0.0,,0,,
2022-11-12,MIA,CHA,0.7361,-350.0,270.0,False,,,,0.0,,1,,
2022-11-12,WAS,UTA,0.4636,140.0,-175.0,False,,,,0.0,,1,,
2022-11-12,PHI,ATL,0.5182,-140.0,120.0,False,,,,0.0,,1,,
2022-11-13,CHI,DEN,0.4197,100.0,-120.0,False,,,,0.0,,0,,
2022-11-13,SAC,GSW,0.4843,150.0,-175.0,False,,,,0.0,,1,,
2022-11-13,LAL,BKN,0.3028,175.0,-205.0,False,,,,0.0,,1,,
2022-11-13,PHI,UTA,0.5498,-165.0,140.0,False,,,,0.0,,1,,
2022-11-13,CLE,MIN,0.583,-115.0,-105.0,False,,,,0.0,,0,,
2022-11-13,NYK,OKC,0.5702,-230.0,185.0,False,,,,0.0,,0,,
2022-11-13,WAS,MEM,0.4794,-105.0,-125.0,False,,,,0.0,,1,,
2022-11-14,HOU,LAC,0.2715,165.0,-205.0,False,,,,0.0,,0,,
2022-11-14,MIA,PHX,0.532,-140.0,110.0,False,,,,0.0,,1,,
2022-11-14,ORL,CHA,0.4911,105.0,-125.0,False,,,,0.0,,0,,
2022-11-14,GSW,SAS,0.5552,-390.0,320.0,True,SAS,21.46,320.0,5.0,0.8683,1,0.0,-1.0
2022-11-14,BOS,OKC,0.8472,-730.0,530.0,False,,,,0.0,,1,,
2022-11-14,MIL,ATL,0.533,-170.0,145.0,False,,,,0.0,,0,,
2022-11-14,DET,TOR,0.2096,135.0,-165.0,False,,,,0.0,,0,,
2022-11-15,POR,SAS,0.5263,-350.0,270.0,True,SAS,21.58,270.0,5.0,0.7525,1,0.0,-1.0
2022-11-15,DAL,LAC,0.7352,-250.0,210.0,False,,,,0.0,,1,,
2022-11-15,SAC,BKN,0.447,-130.0,100.0,False,,,,0.0,,1,,
2022-11-15,NOP,MEM,0.556,-125.0,-105.0,False,,,,0.0,,1,,
2022-11-15,UTA,NYK,0.6469,-180.0,155.0,False,,,,0.0,,0,,
2022-11-16,DAL,HOU,0.7368,-255.0,205.0,False,,,,0.0,,0,,
2022-11-16,ORL,MIN,0.3708,290.0,-380.0,False,,,,0.0,,0,,
2022-11-16,PHX,GSW,0.7185,120.0,-140.0,False,,,,0.0,,1,,
2022-11-16,MIL,CLE,0.7257,-135.0,105.0,False,,,,0.0,,1,,
2022-11-16,DEN,NYK,0.7591,-125.0,105.0,False,,,,0.0,,0,,
2022-11-16,ATL,BOS,0.4508,-115.0,-115.0,False,,,,0.0,,0,,
2022-11-16,TOR,MIA,0.653,-150.0,130.0,False,,,,0.0,,1,,
2022-11-16,NOP,CHI,0.6589,-125.0,105.0,False,,,,0.0,,1,,
2022-11-16,WAS,OKC,0.5788,-200.0,170.0,False,,,,0.0,,0,,
2022-11-16,CHA,IND,0.4913,-105.0,-115.0,False,,,,0.0,,0,,
2022-11-17,SAC,SAS,0.7001,-275.0,230.0,False,,,,0.0,,1,,
2022-11-17,LAC,DET,0.7861,-560.0,430.0,False,,,,0.0,,1,,
2022-11-17,POR,BKN,0.3778,-150.0,130.0,False,,,,0.0,,0,,
2022-11-18,DAL,DEN,0.6117,-410.0,310.0,True,DEN,15.56,310.0,4.78,0.5922,1,0.0,-1.0
2022-11-18,MEM,OKC,0.7148,-230.0,195.0,False,,,,0.0,,1,,
2022-11-18,GSW,NYK,0.7023,-255.0,205.0,False,,,,0.0,,1,,
2022-11-18,CLE,CHA,0.7928,-690.0,470.0,False,,,,0.0,,1,,
2022-11-18,UTA,PHX,0.5274,-185.0,150.0,False,,,,0.0,,1,,
2022-11-18,WAS,MIA,0.5042,-305.0,255.0,True,MIA,22.36,255.0,5.0,0.7602,1,0.0,-1.0
2022-11-18,PHI,MIL,0.6175,-130.0,100.0,False,,,,0.0,,1,,
2022-11-18,HOU,IND,0.3104,195.0,-230.0,False,,,,0.0,,0,,
2022-11-18,NOP,BOS,0.4286,165.0,-205.0,False,,,,0.0,,0,,
2022-11-18,CHI,ORL,0.5589,-350.0,290.0,True,ORL,19.31,290.0,5.0,0.7201,0,1.0,2.9
2022-11-18,LAL,DET,0.5684,-250.0,200.0,False,,,,0.0,,1,,
2022-11-19,IND,ORL,0.6566,-240.0,195.0,False,,,,0.0,,1,,
2022-11-19,LAC,SAS,0.7604,-360.0,280.0,False,,,,0.0,,1,,
2022-11-19,POR,UTA,0.393,-175.0,150.0,True,UTA,22.1,150.0,5.0,0.5174,0,1.0,1.5
2022-11-19,PHI,MIN,0.554,135.0,-165.0,False,,,,0.0,,0,,
2022-11-19,ATL,TOR,0.5558,-195.0,160.0,False,,,,0.0,,1,,
2022-11-20,WAS,CHA,0.7492,-195.0,160.0,False,,,,0.0,,1,,
2022-11-20,HOU,GSW,0.2986,380.0,-520.0,False,,,,0.0,,0,,
2022-11-20,BKN,MEM,0.4872,-300.0,250.0,True,MEM,23.7,250.0,5.0,0.7949,1,0.0,-1.0
2022-11-20,CLE,MIA,0.5763,-290.0,230.0,False,,,,0.0,,1,,
2022-11-20,DAL,DEN,0.5573,-520.0,410.0,True,DEN,25.32,410.0,5.0,1.2577,0,1.0,4.1
2022-11-20,LAL,SAS,0.5568,-230.0,185.0,False,,,,0.0,,1,,
2022-11-20,PHX,NYK,0.7072,-230.0,195.0,False,,,,0.0,,1,,
2022-11-20,SAC,DET,0.8102,-540.0,390.0,False,,,,0.0,,1,,
2022-11-21,OKC,NYK,0.4219,-125.0,105.0,False,,,,0.0,,0,,
2022-11-21,MIL,POR,0.7696,-490.0,360.0,False,,,,0.0,,1,,
2022-11-21,IND,ORL,0.6955,-295.0,245.0,False,,,,0.0,,1,,
2022-11-21,MIN,MIA,0.5616,-400.0,300.0,True,MIA,20.03,300.0,5.0,0.7536,1,0.0,-1.0
2022-11-21,CHI,BOS,0.3767,150.0,-185.0,False,,,,0.0,,1,,
2022-11-21,CLE,ATL,0.5639,-155.0,135.0,False,,,,0.0,,1,,
2022-11-21,NOP,GSW,0.6847,-570.0,410.0,False,,,,0.0,,1,,
2022-11-21,LAC,UTA,0.4858,-135.0,105.0,False,,,,0.0,,1,,
2022-11-22,DEN,DET,0.7112,-645.0,480.0,False,,,,0.0,,0,,
2022-11-22,PHI,BKN,0.5869,245.0,-315.0,False,,,,0.0,,1,,
2022-11-22,PHX,LAL,0.7901,-425.0,320.0,False,,,,0.0,,1,,
2022-11-22,MEM,SAC,0.5553,-145.0,115.0,False,,,,0.0,,0,,
2022-11-23,MIL,CHI,0.6313,-360.0,280.0,False,,,,0.0,,0,,
2022-11-23,OKC,DEN,0.3674,-110.0,-110.0,False,,,,0.0,,0,,
2022-11-23,TOR,BKN,0.6126,100.0,-130.0,False,,,,0.0,,0,,
2022-11-23,SAS,NOP,0.1331,185.0,-215.0,False,,,,0.0,,0,,
2022-11-23,UTA,DET,0.7209,-700.0,510.0,False,,,,0.0,,0,,
2022-11-23,ATL,SAC,0.7103,-190.0,160.0,False,,,,0.0,,1,,
2022-11-23,GSW,LAC,0.5715,-475.0,380.0,True,LAC,22.71,380.0,5.0,1.0568,1,0.0,-1.0
2022-11-23,BOS,DAL,0.7309,-230.0,185.0,False,,,,0.0,,1,,
2022-11-23,CLE,POR,0.7389,-280.0,220.0,False,,,,0.0,,1,,
2022-11-23,MIA,WAS,0.6225,-185.0,150.0,False,,,,0.0,,1,,
2022-11-23,IND,MIN,0.4314,140.0,-175.0,False,,,,0.0,,0,,
2022-11-23,CHA,PHI,0.4604,-170.0,145.0,False,,,,0.0,,1,,
2022-11-25,IND,BKN,0.5323,145.0,-170.0,False,,,,0.0,,1,,
2022-11-25,MIL,CLE,0.6543,-170.0,145.0,False,,,,0.0,,1,,
2022-11-25,ORL,PHI,0.3656,-120.0,-110.0,False,,,,0.0,,0,,
2022-11-25,BOS,SAC,0.7547,-295.0,245.0,False,,,,0.0,,1,,
2022-11-25,GSW,UTA,0.6221,-325.0,270.0,False,,,,0.0,,1,,
2022-11-25,NYK,POR,0.5382,-185.0,150.0,False,,,,0.0,,0,,
2022-11-25,OKC,CHI,0.4517,125.0,-145.0,False,,,,0.0,,1,,
2022-11-25,CHA,MIN,0.4055,200.0,-240.0,False,,,,0.0,,1,,
2022-11-25,LAC,DEN,0.4957,140.0,-175.0,False,,,,0.0,,0,,
2022-11-25,PHX,DET,0.8382,-775.0,520.0,False,,,,0.0,,1,,
2022-11-25,MIA,WAS,0.6123,-145.0,115.0,False,,,,0.0,,1,,
2022-11-25,SAS,LAL,0.3155,155.0,-180.0,False,,,,0.0,,0,,
2022-11-25,HOU,ATL,0.3641,240.0,-285.0,False,,,,0.0,,1,,
2022-11-25,MEM,NOP,0.5429,-130.0,110.0,False,,,,0.0,,1,,
2022-11-26,TOR,DAL,0.6194,125.0,-145.0,False,,,,0.0,,1,,
2022-11-26,HOU,OKC,0.5043,105.0,-135.0,False,,,,0.0,,1,,
2022-11-26,PHX,UTA,0.7895,-240.0,200.0,False,,,,0.0,,1,,
2022-11-26,SAS,LAL,0.3232,-120.0,100.0,False,,,,0.0,,0,,
2022-11-27,DET,CLE,0.3049,255.0,-305.0,False,,,,0.0,,0,,
2022-11-27,LAC,IND,0.5232,110.0,-130.0,False,,,,0.0,,1,,
2022-11-27,BOS,WAS,0.8085,-330.0,275.0,False,,,,0.0,,1,,
2022-11-27,NYK,MEM,0.4167,105.0,-135.0,False,,,,0.0,,0,,
2022-11-27,ORL,PHI,0.3281,-110.0,-110.0,False,,,,0.0,,0,,
2022-11-27,MIN,GSW,0.5005,100.0,-120.0,False,,,,0.0,,0,,
2022-11-27,ATL,MIA,0.5149,-170.0,145.0,False,,,,0.0,,0,,
2022-11-27,BKN,POR,0.7059,-325.0,255.0,False,,,,0.0,,1,,
2022-11-27,MIL,DAL,0.7282,-225.0,190.0,False,,,,0.0,,1,,
2022-11-28,PHI,ATL,0.7282,-140.0,120.0,False,,,,0.0,,1,,
2022-11-28,LAL,IND,0.4905,-170.0,145.0,False,,,,0.0,,0,,
2022-11-28,NOP,OKC,0.6841,-210.0,180.0,False,,,,0.0,,1,,
2022-11-28,WAS,MIN,0.5164,-175.0,140.0,False,,,,0.0,,1,,
2022-11-28,BKN,ORL,0.8358,-450.0,340.0,False,,,,0.0,,1,,
2022-11-28,BOS,CHA,0.8621,-600.0,430.0,False,,,,0.0,,1,,
2022-11-28,DEN,HOU,0.8084,-560.0,430.0,False,,,,0.0,,1,,
2022-11-28,SAC,PHX,0.4496,-110.0,-110.0,False,,,,0.0,,0,,
2022-11-28,UTA,CHI,0.5633,-135.0,115.0,False,,,,0.0,,0,,
2022-11-28,TOR,CLE,0.7151,-190.0,160.0,False,,,,0.0,,1,,
2022-11-29,POR,LAC,0.4642,-180.0,145.0,False,,,,0.0,,0,,
2022-11-29,DAL,GSW,0.5958,-105.0,-125.0,False,,,,0.0,,1,,
2022-11-29,DET,NYK,0.2659,155.0,-180.0,False,,,,0.0,,0,,
2022-11-30,SAC,IND,0.5748,-190.0,160.0,False,,,,0.0,,1,,
2022-11-30,ORL,ATL,0.3222,210.0,-250.0,False,,,,0.0,,0,,
2022-11-30,PHX,CHI,0.7344,-400.0,300.0,False,,,,0.0,,1,,
2022-11-30,MIN,MEM,0.508,110.0,-140.0,False,,,,0.0,,1,,
2022-11-30,LAL,POR,0.5977,-240.0,200.0,False,,,,0.0,,1,,
2022-11-30,DEN,HOU,0.8296,-4000.0,1300.0,False,,,,0.0,,1,,
2022-11-30,BKN,WAS,0.6978,-355.0,275.0,False,,,,0.0,,1,,
2022-11-30,NYK,MIL,0.3295,175.0,-215.0,False,,,,0.0,,0,,
2022-11-30,OKC,SAS,0.5155,-110.0,-120.0,False,,,,0.0,,1,,
2022-11-30,BOS,MIA,0.8046,-690.0,470.0,False,,,,0.0,,1,,
2022-11-30,UTA,LAC,0.5963,-475.0,350.0,True,LAC,19.17,350.0,5.0,0.8166,1,0.0,-1.0
2022-11-30,CLE,PHI,0.5605,-165.0,140.0,False,,,,0.0,,1,,
2022-11-30,NOP,TOR,0.5926,-345.0,265.0,False,,,,0.0,,1,,
2022-12-01,DET,DAL,0.3016,260.0,-315.0,False,,,,0.0,,1,,
2022-12-02,ATL,DEN,0.5148,105.0,-135.0,False,,,,0.0,,1,,
2022-12-02,BOS,MIA,0.575,-195.0,160.0,False,,,,0.0,,0,,
2022-12-02,CLE,ORL,0.845,-810.0,540.0,False,,,,0.0,,1,,
2022-12-02,MIL,LAL,0.6557,-240.0,195.0,False,,,,0.0,,0,,
2022-12-02,BKN,TOR,0.6342,-585.0,420.0,True,TOR,18.2,420.0,5.0,0.9021,1,0.0,-1.0
2022-12-02,GSW,CHI,0.6966,-275.0,230.0,False,,,,0.0,,1,,
2022-12-02,SAS,NOP,0.1973,255.0,-325.0,False,,,,0.0,,0,,
2022-12-02,PHX,HOU,0.7564,-645.0,480.0,False,,,,0.0,,0,,
2022-12-02,UTA,IND,0.7547,-165.0,140.0,False,,,,0.0,,1,,
2022-12-02,MEM,PHI,0.5675,-215.0,175.0,False,,,,0.0,,1,,
2022-12-02,CHA,WAS,0.4634,150.0,-175.0,False,,,,0.0,,1,,
2022-12-03,GSW,HOU,0.8403,-610.0,460.0,False,,,,0.0,,1,,
2022-12-03,MIN,OKC,0.607,-210.0,180.0,False,,,,0.0,,0,,
2022-12-03,LAC,SAC,0.4884,145.0,-170.0,False,,,,0.0,,0,,
2022-12-03,NYK,DAL,0.3739,100.0,-120.0,False,,,,0.0,,0,,
2022-12-03,UTA,POR,0.662,-205.0,175.0,False,,,,0.0,,0,,
2022-12-03,CHA,MIL,0.3184,105.0,-125.0,False,,,,0.0,,0,,
2022-12-03,TOR,ORL,0.8205,-645.0,480.0,False,,,,0.0,,1,,
2022-12-04,NYK,CLE,0.4506,120.0,-140.0,False,,,,0.0,,1,,
2022-12-04,NOP,DEN,0.7181,-125.0,105.0,False,,,,0.0,,1,,
2022-12-04,BKN,BOS,0.3353,115.0,-135.0,False,,,,0.0,,0,,
2022-12-04,SAC,CHI,0.6689,-145.0,125.0,False,,,,0.0,,1,,
2022-12-04,WAS,LAL,0.4843,-130.0,110.0,False,,,,0.0,,0,,
2022-12-04,DET,MEM,0.235,215.0,-255.0,False,,,,0.0,,0,,
2022-12-04,SAS,PHX,0.1932,390.0,-490.0,False,,,,0.0,,0,,
2022-12-04,POR,IND,0.4696,-200.0,170.0,True,IND,17.33,170.0,5.0,0.4321,1,0.0,-1.0
2022-12-05,CHA,LAC,0.4209,200.0,-240.0,False,,,,0.0,,0,,
2022-12-05,ORL,MIL,0.2178,420.0,-540.0,False,,,,0.0,,0,,
2022-12-05,MEM,MIA,0.6732,180.0,-210.0,False,,,,0.0,,1,,
2022-12-05,TOR,BOS,0.3265,-125.0,105.0,False,,,,0.0,,0,,
2022-12-05,HOU,PHI,0.339,280.0,-340.0,False,,,,0.0,,1,,
2022-12-05,GSW,IND,0.6011,-645.0,480.0,True,IND,23.28,480.0,5.0,1.3137,0,1.0,4.8
2022-12-05,DAL,PHX,0.5475,-155.0,135.0,False,,,,0.0,,1,,
2022-12-05,ATL,OKC,0.6499,-240.0,200.0,False,,,,0.0,,0,,
2022-12-06,MIA,DET,0.6304,-440.0,330.0,False,,,,0.0,,0,,
2022-12-06,CLE,LAL,0.6542,-215.0,175.0,False,,,,0.0,,1,,
2022-12-06,DEN,DAL,0.5484,-185.0,150.0,False,,,,0.0,,0,,
2022-12-07,NYK,ATL,0.4947,-135.0,115.0,False,,,,0.0,,1,,
2022-12-07,TOR,LAL,0.7591,-750.0,550.0,False,,,,0.0,,1,,
2022-12-07,NOP,DET,0.8633,-540.0,420.0,False,,,,0.0,,1,,
2022-12-07,MEM,OKC,0.7767,-330.0,275.0,False,,,,0.0,,1,,
2022-12-07,MIN,IND,0.7485,-205.0,175.0,False,,,,0.0,,1,,
2022-12-07,ORL,LAC,0.3659,220.0,-260.0,False,,,,0.0,,1,,
2022-12-07,BKN,CHA,0.8024,-500.0,400.0,False,,,,0.0,,1,,
2022-12-07,MIL,SAC,0.6021,-255.0,215.0,False,,,,0.0,,1,,
2022-12-07,UTA,GSW,0.5746,-215.0,185.0,False,,,,0.0,,1,,
2022-12-07,PHX,BOS,0.4878,-120.0,100.0,False,,,,0.0,,0,,
2022-12-07,CHI,WAS,0.5168,-190.0,160.0,False,,,,0.0,,1,,
2022-12-08,MIA,LAC,0.669,-260.0,220.0,False,,,,0.0,,1,,
2022-12-08,SAS,HOU,0.4856,110.0,-130.0,False,,,,0.0,,1,,
2022-12-08,POR,DEN,0.4705,100.0,-120.0,False,,,,0.0,,0,,
2022-12-09,UTA,MIN,0.5595,-105.0,-115.0,False,,,,0.0,,0,,
2022-12-09,MEM,DET,0.8326,-540.0,420.0,False,,,,0.0,,1,,
2022-12-09,BKN,ATL,0.6433,-305.0,255.0,False,,,,0.0,,1,,
2022-12-09,PHI,LAL,0.7051,-195.0,165.0,False,,,,0.0,,1,,
2022-12-09,CLE,SAC,0.5287,-165.0,140.0,False,,,,0.0,,0,,
2022-12-09,NOP,PHX,0.6867,-105.0,-115.0,False,,,,0.0,,1,,
2022-12-09,ORL,TOR,0.3183,255.0,-325.0,False,,,,0.0,,1,,
2022-12-09,DAL,MIL,0.5231,-110.0,-110.0,False,,,,0.0,,0,,
2022-12-09,IND,WAS,0.4981,-165.0,140.0,False,,,,0.0,,1,,
2022-12-09,CHA,NYK,0.2959,150.0,-175.0,False,,,,0.0,,0,,
2022-12-10,DEN,UTA,0.7245,-625.0,470.0,False,,,,0.0,,1,,
2022-12-10,MIA,SAS,0.6644,-800.0,575.0,False,,,,0.0,,0,,
2022-12-10,CHI,DAL,0.485,-195.0,165.0,True,DAL,15.16,165.0,5.0,0.3649,1,0.0,-1.0
2022-12-10,WAS,LAC,0.4522,110.0,-140.0,False,,,,0.0,,0,,
2022-12-10,GSW,BOS,0.478,120.0,-140.0,False,,,,0.0,,1,,
2022-12-10,CLE,OKC,0.6981,-195.0,165.0,False,,,,0.0,,1,,
2022-12-10,IND,BKN,0.3725,-340.0,280.0,False,,,,0.0,,0,,
2022-12-10,POR,MIN,0.5284,-195.0,165.0,False,,,,0.0,,1,,
2022-12-11,HOU,MIL,0.3974,370.0,-460.0,True,HOU,19.17,370.0,5.0,0.8679,1,1.0,3.7
2022-12-11,ATL,CHI,0.515,-160.0,130.0,False,,,,0.0,,1,,
2022-12-11,ORL,TOR,0.3604,225.0,-265.0,False,,,,0.0,,1,,
2022-12-11,DET,LAL,0.2989,180.0,-210.0,False,,,,0.0,,0,,
2022-12-11,PHI,CHA,0.7313,-520.0,410.0,False,,,,0.0,,1,,
2022-12-11,NOP,PHX,0.6758,-165.0,140.0,False,,,,0.0,,1,,
2022-12-11,NYK,SAC,0.5038,-140.0,120.0,False,,,,0.0,,1,,
2022-12-12,WAS,BKN,0.3276,180.0,-210.0,False,,,,0.0,,0,,
2022-12-12,IND,MIA,0.3902,135.0,-155.0,False,,,,0.0,,0,,
2022-12-12,SAS,CLE,0.3709,340.0,-425.0,True,SAS,15.17,340.0,4.65,0.6319,1,1.0,3.4
2022-12-12,DAL,OKC,0.6956,-360.0,295.0,False,,,,0.0,,1,,
2022-12-12,LAC,BOS,0.3595,155.0,-180.0,False,,,,0.0,,1,,
2022-12-12,POR,MIN,0.4965,-170.0,145.0,False,,,,0.0,,1,,
2022-12-12,MEM,ATL,0.835,-450.0,360.0,False,,,,0.0,,1,,
2022-12-13,PHI,SAC,0.5783,-180.0,155.0,False,,,,0.0,,1,,
2022-12-13,LAL,BOS,0.3665,140.0,-175.0,False,,,,0.0,,0,,
2022-12-13,MIL,GSW,0.683,-140.0,120.0,False,,,,0.0,,1,,
2022-12-13,HOU,PHX,0.3921,215.0,-255.0,False,,,,0.0,,1,,
2022-12-13,UTA,NOP,0.5146,110.0,-130.0,False,,,,0.0,,1,,
2022-12-14,SAS,POR,0.3263,240.0,-285.0,False,,,,0.0,,0,,
2022-12-14,ORL,ATL,0.4555,130.0,-150.0,False,,,,0.0,,1,,
2022-12-14,IND,GSW,0.4942,110.0,-140.0,False,,,,0.0,,1,,
2022-12-14,CHI,NYK,0.478,-160.0,130.0,False,,,,0.0,,0,,
2022-12-14,LAC,MIN,0.5243,-265.0,210.0,True,MIN,16.81,210.0,5.0,0.4747,1,0.0,-1.0
2022-12-14,DAL,CLE,0.5257,-140.0,120.0,False,,,,0.0,,0,,
2022-12-14,CHA,DET,0.4942,-190.0,160.0,False,,,,0.0,,0,,
2022-12-14,TOR,SAC,0.525,-200.0,170.0,False,,,,0.0,,0,,
2022-12-14,OKC,MIA,0.3339,125.0,-145.0,False,,,,0.0,,0,,
2022-12-14,DEN,WAS,0.7238,-625.0,470.0,False,,,,0.0,,1,,
2022-12-15,MEM,MIL,0.5832,-155.0,135.0,False,,,,0.0,,1,,
2022-12-15,UTA,NOP,0.5219,100.0,-120.0,False,,,,0.0,,1,,
2022-12-15,HOU,MIA,0.3244,130.0,-150.0,False,,,,0.0,,0,,
2022-12-15,LAC,PHX,0.5075,210.0,-250.0,True,LAC,19.64,210.0,5.0,0.5732,0,0.0,-1.0
2022-12-16,CLE,IND,0.711,-330.0,275.0,False,,,,0.0,,1,,
2022-12-16,PHI,GSW,0.7067,-350.0,290.0,False,,,,0.0,,1,,
2022-12-16,CHA,ATL,0.3098,-165.0,135.0,False,,,,0.0,,0,,
2022-12-16,OKC,MIN,0.4578,-195.0,165.0,True,MIN,17.88,165.0,5.0,0.4368,0,1.0,1.65
2022-12-16,DET,SAC,0.2301,205.0,-245.0,False,,,,0.0,,0,,
2022-12-16,TOR,BKN,0.3779,105.0,-125.0,False,,,,0.0,,0,,
2022-12-16,DAL,POR,0.5346,-175.0,150.0,False,,,,0.0,,1,,
2022-12-16,LAL,DEN,0.5065,110.0,-130.0,False,,,,0.0,,1,,
2022-12-16,BOS,ORL,0.7164,-975.0,675.0,False,,,,0.0,,0,,
2022-12-16,CHI,NYK,0.4813,-150.0,130.0,False,,,,0.0,,0,,
2022-12-17,SAS,MIA,0.3044,260.0,-335.0,False,,,,0.0,,0,,
2022-12-17,PHX,NOP,0.5595,-145.0,125.0,False,,,,0.0,,1,,
2022-12-17,MIL,UTA,0.6138,-135.0,115.0,False,,,,0.0,,1,,
2022-12-17,CLE,DAL,0.7124,-365.0,300.0,False,,,,0.0,,1,,
2022-12-17,LAC,WAS,0.6945,-195.0,165.0,False,,,,0.0,,1,,
2022-12-17,HOU,POR,0.483,135.0,-155.0,False,,,,0.0,,0,,
2022-12-17,OKC,MEM,0.372,450.0,-600.0,True,OKC,19.7,450.0,5.0,1.046,1,1.0,4.5
2022-12-18,MIN,CHI,0.522,110.0,-130.0,False,,,,0.0,,1,,
2022-12-18,DET,BKN,0.2271,280.0,-340.0,False,,,,0.0,,0,,
2022-12-18,IND,NYK,0.3862,-110.0,-110.0,False,,,,0.0,,0,,
2022-12-18,DEN,CHA,0.8109,-410.0,330.0,False,,,,0.0,,1,,
2022-12-18,BOS,ORL,0.6727,-520.0,410.0,False,,,,0.0,,0,,
2022-12-18,LAL,WAS,0.7443,-150.0,130.0,False,,,,0.0,,1,,
2022-12-18,TOR,GSW,0.4259,-230.0,195.0,True,GSW,24.69,195.0,5.0,0.6937,0,1.0,1.95
2022-12-19,MIN,DAL,0.4839,200.0,-240.0,True,MIN,16.32,200.0,5.0,0.4518,1,1.0,2.0
2022-12-19,NOP,MIL,0.5163,-105.0,-115.0,False,,,,0.0,,0,,
2022-12-19,HOU,SAS,0.439,-190.0,160.0,True,SAS,19.11,160.0,5.0,0.4585,0,1.0,1.6
2022-12-19,PHI,TOR,0.7968,-265.0,225.0,False,,,,0.0,,1,,
2022-12-19,SAC,CHA,0.6246,-450.0,360.0,True,CHA,16.55,360.0,5.0,0.7268,0,1.0,3.6
2022-12-19,CLE,UTA,0.6403,-440.0,330.0,False,,,,0.0,,1,,
2022-12-19,PHX,LAL,0.7893,-610.0,460.0,False,,,,0.0,,1,,
2022-12-19,ATL,ORL,0.6603,-365.0,300.0,False,,,,0.0,,1,,
2022-12-19,OKC,POR,0.4906,145.0,-170.0,False,,,,0.0,,1,,
2022-12-20,DET,UTA,0.3522,120.0,-140.0,False,,,,0.0,,0,,
2022-12-20,PHX,WAS,0.7478,-285.0,240.0,False,,,,0.0,,0,,
2022-12-20,NYK,GSW,0.6602,-240.0,200.0,False,,,,0.0,,1,,
2022-12-20,DEN,MEM,0.5176,100.0,-120.0,False,,,,0.0,,1,,
2022-12-20,MIA,CHI,0.5165,-120.0,100.0,False,,,,0.0,,0,,
2022-12-21,MIN,DAL,0.4596,115.0,-135.0,False,,,,0.0,,0,,
2022-12-21,OKC,POR,0.5028,140.0,-165.0,False,,,,0.0,,1,,
2022-12-21,ATL,CHI,0.5238,-200.0,170.0,False,,,,0.0,,0,,
2022-12-21,NYK,TOR,0.5525,-130.0,110.0,False,,,,0.0,,0,,
2022-12-21,BKN,GSW,0.7878,-540.0,420.0,False,,,,0.0,,1,,
2022-12-21,LAC,CHA,0.7125,-380.0,310.0,False,,,,0.0,,1,,
2022-12-21,SAC,LAL,0.5603,-350.0,290.0,True,LAL,19.18,290.0,5.0,0.7149,1,0.0,-1.0
2022-12-21,HOU,ORL,0.3571,-115.0,-105.0,False,,,,0.0,,0,,
2022-12-21,CLE,MIL,0.568,-135.0,115.0,False,,,,0.0,,1,,
2022-12-21,BOS,IND,0.6922,-425.0,340.0,False,,,,0.0,,0,,
2022-12-21,PHI,DET,0.8122,-675.0,500.0,False,,,,0.0,,1,,
2022-12-22,UTA,WAS,0.6123,-280.0,235.0,False,,,,0.0,,1,,
2022-12-22,NOP,SAS,0.7675,-345.0,285.0,False,,,,0.0,,1,,
2022-12-23,LAL,CHA,0.5481,-140.0,120.0,False,,,,0.0,,0,,
2022-12-23,DEN,POR,0.7562,-210.0,180.0,False,,,,0.0,,1,,
2022-12-23,OKC,NOP,0.4272,-125.0,105.0,False,,,,0.0,,0,,
2022-12-23,PHI,LAC,0.6921,-165.0,140.0,False,,,,0.0,,1,,
2022-12-23,SAC,WAS,0.6051,-305.0,255.0,False,,,,0.0,,0,,
2022-12-23,MIA,IND,0.5636,-240.0,200.0,False,,,,0.0,,0,,
2022-12-23,BOS,MIN,0.7206,-500.0,370.0,False,,,,0.0,,1,,
2022-12-23,HOU,DAL,0.2696,225.0,-265.0,False,,,,0.0,,0,,
2022-12-23,CLE,TOR,0.6059,-200.0,170.0,False,,,,0.0,,0,,
2022-12-23,PHX,MEM,0.5234,130.0,-150.0,False,,,,0.0,,0,,
2022-12-23,ORL,SAS,0.6399,-240.0,200.0,False,,,,0.0,,1,,
2022-12-23,NYK,CHI,0.575,-185.0,150.0,False,,,,0.0,,0,,
2022-12-23,ATL,DET,0.636,-450.0,360.0,True,DET,15.41,360.0,4.68,0.6744,1,0.0,-1.0
2022-12-23,BKN,MIL,0.6027,-135.0,115.0,False,,,,0.0,,1,,
2022-12-25,BOS,MIL,0.701,-205.0,175.0,False,,,,0.0,,1,,
2022-12-25,DAL,LAL,0.7018,-295.0,245.0,False,,,,0.0,,1,,
2022-12-25,GSW,MEM,0.6329,195.0,-240.0,False,,,,0.0,,1,,
2022-12-25,DEN,PHX,0.5809,-165.0,135.0,False,,,,0.0,,1,,
2022-12-25,NYK,PHI,0.5121,105.0,-125.0,False,,,,0.0,,0,,
2022-12-26,POR,CHA,0.5509,-210.0,180.0,False,,,,0.0,,1,,
2022-12-26,CLE,BKN,0.4467,-125.0,105.0,False,,,,0.0,,0,,
2022-12-26,DET,LAC,0.2874,185.0,-215.0,False,,,,0.0,,0,,
2022-12-26,NOP,IND,0.7395,-130.0,110.0,False,,,,0.0,,1,,
2022-12-26,MIA,MIN,0.5234,-115.0,-105.0,False,,,,0.0,,1,,
2022-12-26,CHI,HOU,0.5859,-260.0,220.0,False,,,,0.0,,0,,
2022-12-26,SAS,UTA,0.3187,150.0,-185.0,False,,,,0.0,,1,,
2022-12-27,GSW,CHA,0.7223,-210.0,180.0,False,,,,0.0,,1,,
2022-12-27,ORL,LAL,0.5094,-145.0,125.0,False,,,,0.0,,0,,
2022-12-27,MEM,PHX,0.631,-305.0,255.0,False,,,,0.0,,0,,
2022-12-27,DAL,NYK,0.5596,-215.0,185.0,False,,,,0.0,,1,,
2022-12-27,IND,ATL,0.4207,100.0,-120.0,False,,,,0.0,,1,,
2022-12-27,SAC,DEN,0.4562,130.0,-150.0,False,,,,0.0,,0,,
2022-12-27,OKC,SAS,0.6129,-255.0,215.0,False,,,,0.0,,1,,
2022-12-27,TOR,LAC,0.5235,-165.0,140.0,False,,,,0.0,,0,,
2022-12-27,BOS,HOU,0.8707,-1400.0,850.0,False,,,,0.0,,1,,
2022-12-27,WAS,PHI,0.3532,160.0,-190.0,False,,,,0.0,,1,,
2022-12-28,WAS,PHX,0.491,105.0,-125.0,False,,,,0.0,,1,,
2022-12-28,NOP,MIN,0.7305,-240.0,200.0,False,,,,0.0,,1,,
2022-12-28,ATL,BKN,0.3444,235.0,-280.0,False,,,,0.0,,0,,
2022-12-28,MIA,LAL,0.7096,-410.0,330.0,False,,,,0.0,,1,,
2022-12-28,GSW,UTA,0.5397,155.0,-180.0,True,GSW,16.08,155.0,5.0,0.3762,1,1.0,1.55
2022-12-28,CHI,MIL,0.4656,120.0,-140.0,False,,,,0.0,,1,,
2022-12-28,DET,ORL,0.4168,-105.0,-115.0,False,,,,0.0,,1,,
2022-12-28,SAC,DEN,0.4819,-155.0,135.0,False,,,,0.0,,1,,
2022-12-29,DAL,HOU,0.8054,-1450.0,800.0,False,,,,0.0,,1,,
2022-12-29,CHA,OKC,0.4237,-135.0,115.0,False,,,,0.0,,1,,
2022-12-29,BOS,LAC,0.7191,-380.0,290.0,False,,,,0.0,,1,,
2022-12-29,TOR,MEM,0.3664,500.0,-750.0,True,TOR,20.75,500.0,5.0,1.1981,0,0.0,-1.0
2022-12-29,SAS,NYK,0.3035,-140.0,110.0,False,,,,0.0,,1,,
2022-12-29,IND,CLE,0.4453,165.0,-205.0,False,,,,0.0,,1,,
2022-12-30,DEN,MIA,0.6416,-190.0,160.0,False,,,,0.0,,1,,
2022-12-30,ATL,LAL,0.5287,-400.0,300.0,True,LAL,23.32,300.0,5.0,0.8852,0,1.0,3.0
2022-12-30,CHI,DET,0.6715,-300.0,250.0,False,,,,0.0,,1,,
2022-12-30,SAC,UTA,0.5009,-155.0,135.0,False,,,,0.0,,1,,
2022-12-30,GSW,POR,0.6789,-105.0,-115.0,False,,,,0.0,,1,,
2022-12-30,MIL,MIN,0.6982,-285.0,240.0,False,,,,0.0,,1,,
2022-12-30,NOP,PHI,0.5695,100.0,-120.0,False,,,,0.0,,1,,
2022-12-30,TOR,PHX,0.4739,-130.0,110.0,False,,,,0.0,,1,,
2022-12-30,ORL,WAS,0.4458,155.0,-180.0,False,,,,0.0,,0,,
2022-12-31,SAS,DAL,0.2905,230.0,-275.0,False,,,,0.0,,0,,
2022-12-31,OKC,PHI,0.46,125.0,-145.0,False,,,,0.0,,0,,
2022-12-31,MEM,NOP,0.6939,-240.0,200.0,False,,,,0.0,,1,,
2022-12-31,MIN,DET,0.6136,-275.0,230.0,False,,,,0.0,,0,,
2022-12-31,UTA,MIA,0.4434,-180.0,155.0,True,MIA,17.77,155.0,5.0,0.4193,0,1.0,1.55
2022-12-31,IND,LAC,0.4905,125.0,-145.0,False,,,,0.0,,1,,
2022-12-31,CHA,BKN,0.2748,200.0,-240.0,False,,,,0.0,,0,,
2022-12-31,CHI,CLE,0.4601,100.0,-120.0,False,,,,0.0,,0,,
2022-12-31,HOU,NYK,0.3014,145.0,-170.0,False,,,,0.0,,0,,
2023-01-01,MIL,WAS,0.5635,-140.0,120.0,False,,,,0.0,,0,,
2023-01-01,MEM,SAC,0.8235,-170.0,145.0,False,,,,0.0,,1,,
2023-01-01,DEN,BOS,0.5299,145.0,-170.0,False,,,,0.0,,1,,
2023-01-02,BKN,SAS,0.8536,-800.0,575.0,False,,,,0.0,,1,,
2023-01-02,POR,DET,0.7387,-410.0,330.0,False,,,,0.0,,1,,
2023-01-02,PHI,NOP,0.5616,-190.0,160.0,False,,,,0.0,,1,,
2023-01-02,NYK,PHX,0.6167,-145.0,125.0,False,,,,0.0,,1,,
2023-01-02,IND,TOR,0.5216,110.0,-130.0,False,,,,0.0,,1,,
2023-01-02,HOU,DAL,0.2096,230.0,-275.0,False,,,,0.0,,0,,
2023-01-02,CLE,CHI,0.5676,-170.0,145.0,False,,,,0.0,,1,,
2023-01-02,MIN,DEN,0.586,140.0,-165.0,False,,,,0.0,,1,,
2023-01-02,CHA,LAL,0.447,-130.0,110.0,False,,,,0.0,,0,,
2023-01-02,LAC,MIA,0.48,-105.0,-115.0,False,,,,0.0,,0,,
2023-01-02,GSW,ATL,0.5353,-120.0,100.0,False,,,,0.0,,1,,
2023-01-03,MIL,WAS,0.541,-295.0,245.0,True,WAS,17.94,245.0,5.0,0.5834,1,0.0,-1.0
2023-01-03,OKC,BOS,0.3506,460.0,-610.0,True,OKC,17.86,460.0,5.0,0.9636,1,1.0,4.6
2023-01-03,UTA,SAC,0.4511,-150.0,130.0,False,,,,0.0,,0,,
2023-01-04,SAC,ATL,0.4687,-125.0,105.0,False,,,,0.0,,0,,
2023-01-04,CHA,MEM,0.1455,250.0,-300.0,False,,,,0.0,,0,,
2023-01-04,NOP,HOU,0.8056,-275.0,230.0,False,,,,0.0,,1,,
2023-01-04,LAL,MIA,0.4733,285.0,-345.0,True,LAL,22.24,285.0,5.0,0.8224,1,1.0,2.85
2023-01-04,TOR,MIL,0.5068,-210.0,180.0,False,,,,0.0,,0,,
2023-01-04,CHI,BKN,0.4281,170.0,-200.0,False,,,,0.0,,1,,
2023-01-04,GSW,DET,0.6235,-260.0,220.0,False,,,,0.0,,0,,
2023-01-04,NYK,SAS,0.7925,-450.0,360.0,False,,,,0.0,,1,,
2023-01-04,MIN,POR,0.525,105.0,-125.0,False,,,,0.0,,1,,
2023-01-04,CLE,PHX,0.5871,-215.0,185.0,False,,,,0.0,,1,,
2023-01-04,ORL,OKC,0.5127,-105.0,-115.0,False,,,,0.0,,1,,
2023-01-04,PHI,IND,0.7308,-200.0,170.0,False,,,,0.0,,1,,
2023-01-05,DEN,LAC,0.7275,-190.0,160.0,False,,,,0.0,,1,,
2023-01-05,HOU,UTA,0.3148,225.0,-265.0,False,,,,0.0,,0,,
2023-01-05,DAL,BOS,0.412,130.0,-160.0,False,,,,0.0,,0,,
2023-01-05,ORL,MEM,0.2316,205.0,-255.0,False,,,,0.0,,0,,
2023-01-06,DEN,CLE,0.664,-200.0,170.0,False,,,,0.0,,1,,
2023-01-06,OKC,WAS,0.4789,-105.0,-115.0,False,,,,0.0,,1,,
2023-01-06,IND,POR,0.5554,-110.0,-120.0,False,,,,0.0,,1,,
2023-01-06,PHI,CHI,0.6183,-215.0,175.0,False,,,,0.0,,0,,
2023-01-06,MIL,CHA,0.6359,-490.0,360.0,True,CHA,15.66,360.0,4.69,0.6748,0,1.0,3.6
2023-01-06,LAL,ATL,0.4507,125.0,-155.0,False,,,,0.0,,1,,
2023-01-06,NOP,BKN,0.4008,160.0,-190.0,False,,,,0.0,,0,,
2023-01-06,TOR,NYK,0.4048,-185.0,150.0,True,NYK,21.4,150.0,5.0,0.4881,0,1.0,1.5
2023-01-06,PHX,MIA,0.4087,-110.0,-120.0,False,,,,0.0,,0,,
2023-01-06,MIN,LAC,0.587,-215.0,185.0,False,,,,0.0,,1,,
2023-01-06,SAS,DET,0.4843,-120.0,100.0,False,,,,0.0,,1,,
2023-01-07,DAL,NOP,0.6097,-280.0,220.0,False,,,,0.0,,1,,
2023-01-07,SAS,BOS,0.1149,800.0,-1450.0,False,,,,0.0,,0,,
2023-01-07,GSW,ORL,0.6072,-250.0,210.0,False,,,,0.0,,0,,
2023-01-07,CHI,UTA,0.5187,120.0,-140.0,False,,,,0.0,,1,,
2023-01-07,SAC,LAL,0.554,-305.0,255.0,True,LAL,17.37,255.0,5.0,0.5832,0,1.0,2.55
2023-01-08,DET,PHI,0.1948,180.0,-220.0,False,,,,0.0,,0,,
2023-01-08,IND,CHA,0.6982,-210.0,170.0,False,,,,0.0,,1,,
2023-01-08,OKC,DAL,0.4734,-175.0,150.0,False,,,,0.0,,1,,
2023-01-08,TOR,POR,0.5518,-160.0,130.0,False,,,,0.0,,1,,
2023-01-08,HOU,MIN,0.3169,135.0,-165.0,False,,,,0.0,,0,,
2023-01-08,LAC,ATL,0.4125,-135.0,115.0,False,,,,0.0,,0,,
2023-01-08,PHX,CLE,0.3964,165.0,-205.0,False,,,,0.0,,0,,
2023-01-08,MIA,BKN,0.2992,105.0,-135.0,False,,,,0.0,,0,,
2023-01-08,MEM,UTA,0.897,-235.0,190.0,False,,,,0.0,,1,,
2023-01-09,NYK,MIL,0.5436,-120.0,-110.0,False,,,,0.0,,0,,
2023-01-09,MEM,SAS,0.9027,-540.0,390.0,False,,,,0.0,,1,,
2023-01-09,DEN,LAL,0.7263,-825.0,550.0,False,,,,0.0,,1,,
2023-01-09,WAS,NOP,0.4743,-120.0,100.0,False,,,,0.0,,0,,
2023-01-09,BOS,CHI,0.6817,-410.0,330.0,False,,,,0.0,,1,,
2023-01-09,SAC,ORL,0.6215,-265.0,210.0,False,,,,0.0,,1,,
2023-01-10,GSW,PHX,0.5637,-800.0,575.0,False,,,,0.0,,0,,
2023-01-10,LAC,DAL,0.4486,-125.0,-105.0,False,,,,0.0,,1,,
2023-01-10,TOR,CHA,0.6994,-320.0,250.0,False,,,,0.0,,1,,
2023-01-10,PHI,DET,0.911,-1250.0,800.0,False,,,,0.0,,1,,
2023-01-10,POR,ORL,0.53,-350.0,270.0,True,ORL,21.22,270.0,5.0,0.7392,0,1.0,2.7
2023-01-10,UTA,CLE,0.4671,115.0,-145.0,False,,,,0.0,,1,,
2023-01-10,MIA,OKC,0.571,-120.0,100.0,False,,,,0.0,,1,,
2023-01-11,WAS,CHI,0.4507,100.0,-120.0,False,,,,0.0,,1,,
2023-01-11,ATL,MIL,0.4742,165.0,-205.0,False,,,,0.0,,0,,
2023-01-11,BOS,NOP,0.6956,-410.0,330.0,False,,,,0.0,,1,,
2023-01-11,SAC,HOU,0.7862,-440.0,330.0,False,,,,0.0,,1,,
2023-01-11,NYK,IND,0.6513,-205.0,165.0,False,,,,0.0,,1,,
2023-01-11,MEM,SAS,0.9033,-975.0,675.0,False,,,,0.0,,1,,
2023-01-11,DEN,PHX,0.854,-1200.0,700.0,False,,,,0.0,,1,,
2023-01-11,DET,MIN,0.3568,215.0,-255.0,False,,,,0.0,,1,,
2023-01-12,MIA,MIL,0.695,-250.0,200.0,False,,,,0.0,,1,,
2023-01-12,TOR,CHA,0.6855,-280.0,220.0,False,,,,0.0,,1,,
2023-01-12,LAL,DAL,0.4878,110.0,-140.0,False,,,,0.0,,0,,
2023-01-12,POR,CLE,0.4274,-110.0,-120.0,False,,,,0.0,,0,,
2023-01-12,PHI,OKC,0.671,-460.0,370.0,False,,,,0.0,,0,,
2023-01-12,BKN,BOS,0.5874,-105.0,-115.0,False,,,,0.0,,0,,
2023-01-13,CHI,OKC,0.5267,-175.0,150.0,False,,,,0.0,,0,,
2023-01-13,SAC,HOU,0.8151,-425.0,340.0,False,,,,0.0,,1,,
2023-01-13,UTA,ORL,0.6282,-200.0,170.0,False,,,,0.0,,1,,
2023-01-13,MIN,PHX,0.6337,-240.0,195.0,False,,,,0.0,,1,,
2023-01-13,SAS,GSW,0.2972,270.0,-350.0,False,,,,0.0,,0,,
2023-01-13,DET,NOP,0.2902,180.0,-210.0,False,,,,0.0,,0,,
2023-01-13,IND,ATL,0.4951,135.0,-165.0,False,,,,0.0,,0,,
2023-01-13,LAC,DEN,0.3406,-205.0,165.0,True,DEN,29.98,165.0,5.0,0.7473,0,1.0,1.65
2023-01-13,WAS,NYK,0.4583,185.0,-230.0,False,,,,0.0,,0,,
2023-01-14,UTA,PHI,0.3665,225.0,-285.0,False,,,,0.0,,0,,
2023-01-14,POR,DAL,0.4744,-155.0,125.0,False,,,,0.0,,1,,
2023-01-14,MIA,MIL,0.6304,-180.0,155.0,False,,,,0.0,,1,,
2023-01-14,CHA,BOS,0.1321,240.0,-285.0,False,,,,0.0,,0,,
2023-01-14,MIN,CLE,0.4561,135.0,-165.0,False,,,,0.0,,1,,
2023-01-14,IND,MEM,0.3288,235.0,-300.0,False,,,,0.0,,0,,
2023-01-14,TOR,ATL,0.5187,-325.0,255.0,True,ATL,21.21,255.0,5.0,0.7088,0,1.0,2.55
2023-01-15,DEN,ORL,0.8315,-540.0,420.0,False,,,,0.0,,1,,
2023-01-15,LAC,HOU,0.767,-475.0,350.0,False,,,,0.0,,1,,
2023-01-15,BKN,OKC,0.586,-205.0,165.0,False,,,,0.0,,0,,
2023-01-15,CHI,GSW,0.49,185.0,-230.0,True,CHI,15.52,185.0,5.0,0.3965,1,1.0,1.85
2023-01-15,LAL,PHI,0.4883,175.0,-215.0,False,,,,0.0,,0,,
2023-01-15,POR,DAL,0.5108,-390.0,295.0,True,DAL,24.79,295.0,5.0,0.9325,1,0.0,-1.0
2023-01-15,DET,NYK,0.2206,295.0,-390.0,False,,,,0.0,,0,,
2023-01-15,SAS,SAC,0.2895,205.0,-255.0,False,,,,0.0,,0,,
2023-01-16,CHA,BOS,0.1975,295.0,-360.0,False,,,,0.0,,0,,
2023-01-16,NYK,TOR,0.4777,-130.0,100.0,False,,,,0.0,,0,,
2023-01-16,ATL,MIA,0.5046,-120.0,-110.0,False,,,,0.0,,1,,
2023-01-16,LAL,HOU,0.816,-285.0,225.0,False,,,,0.0,,1,,
2023-01-16,CLE,NOP,0.5113,-355.0,275.0,True,NOP,23.4,275.0,5.0,0.8326,1,0.0,-1.0
2023-01-16,WAS,GSW,0.4985,120.0,-150.0,False,,,,0.0,,0,,
2023-01-16,MEM,PHX,0.897,-810.0,540.0,False,,,,0.0,,1,,
2023-01-16,MIN,UTA,0.5058,-175.0,140.0,False,,,,0.0,,0,,
2023-01-16,MIL,IND,0.6392,-215.0,175.0,False,,,,0.0,,1,,
2023-01-17,DEN,POR,0.75,-215.0,175.0,False,,,,0.0,,1,,
2023-01-17,LAC,PHI,0.4245,-125.0,-105.0,False,,,,0.0,,0,,
2023-01-17,MIL,TOR,0.6053,-120.0,100.0,False,,,,0.0,,1,,
2023-01-17,SAS,BKN,0.3795,115.0,-135.0,False,,,,0.0,,1,,
2023-01-18,OKC,IND,0.5862,-170.0,145.0,False,,,,0.0,,1,,
2023-01-18,LAL,SAC,0.3939,-130.0,110.0,False,,,,0.0,,0,,
2023-01-18,UTA,LAC,0.7127,-345.0,285.0,False,,,,0.0,,1,,
2023-01-18,HOU,CHA,0.3532,125.0,-145.0,False,,,,0.0,,0,,
2023-01-18,DAL,ATL,0.4022,-145.0,125.0,False,,,,0.0,,0,,
2023-01-18,NYK,WAS,0.6177,-200.0,170.0,False,,,,0.0,,0,,
2023-01-18,MEM,CLE,0.8591,-280.0,235.0,False,,,,0.0,,1,,
2023-01-18,NOP,MIA,0.4681,135.0,-155.0,False,,,,0.0,,0,,
2023-01-18,DEN,MIN,0.7276,-410.0,330.0,False,,,,0.0,,1,,
2023-01-19,BOS,GSW,0.747,-275.0,230.0,False,,,,0.0,,1,,
2023-01-19,MIN,TOR,0.5377,155.0,-180.0,True,MIN,15.88,155.0,5.0,0.3711,1,1.0,1.55
2023-01-19,POR,PHI,0.418,105.0,-125.0,False,,,,0.0,,0,,
2023-01-19,DET,CHI,0.2258,250.0,-300.0,False,,,,0.0,,0,,
2023-01-19,PHX,BKN,0.4435,145.0,-170.0,False,,,,0.0,,1,,
2023-01-20,CLE,GSW,0.5685,-500.0,400.0,True,GSW,23.79,400.0,5.0,1.1573,0,1.0,4.0
2023-01-20,DAL,MIA,0.4778,105.0,-125.0,False,,,,0.0,,1,,
2023-01-20,ORL,NOP,0.4398,-110.0,-110.0,False,,,,0.0,,1,,
2023-01-20,SAS,LAC,0.4773,235.0,-280.0,True,SAS,18.9,235.0,5.0,0.5989,0,0.0,-1.0
2023-01-20,SAC,OKC,0.5403,-200.0,170.0,False,,,,0.0,,1,,
2023-01-20,ATL,NYK,0.5582,-155.0,135.0,False,,,,0.0,,1,,
2023-01-20,LAL,MEM,0.4029,230.0,-275.0,False,,,,0.0,,1,,
2023-01-20,DEN,IND,0.7967,-240.0,200.0,False,,,,0.0,,1,,
2023-01-20,UTA,BKN,0.4464,-195.0,165.0,True,BKN,19.02,165.0,5.0,0.467,0,1.0,1.65
2023-01-21,PHX,IND,0.6784,-150.0,130.0,False,,,,0.0,,1,,
2023-01-21,CLE,MIL,0.5459,-150.0,130.0,False,,,,0.0,,1,,
2023-01-21,ATL,CHA,0.6006,-285.0,240.0,False,,,,0.0,,0,,
2023-01-21,TOR,BOS,0.3278,140.0,-165.0,False,,,,0.0,,0,,
2023-01-21,MIN,HOU,0.8451,-305.0,255.0,False,,,,0.0,,1,,
2023-01-21,SAC,PHI,0.4187,-210.0,180.0,True,PHI,23.61,180.0,5.0,0.6278,0,1.0,1.8
2023-01-21,WAS,ORL,0.6068,-250.0,210.0,False,,,,0.0,,1,,
2023-01-22,POR,LAL,0.4191,-230.0,185.0,True,LAL,24.6,185.0,5.0,0.6554,0,1.0,1.85
2023-01-22,GSW,BKN,0.3854,-305.0,255.0,False,,,,0.0,,0,,
2023-01-22,PHX,MEM,0.4425,285.0,-345.0,True,PHX,19.15,285.0,5.0,0.7034,1,1.0,2.85
2023-01-22,TOR,NYK,0.5377,-140.0,120.0,False,,,,0.0,,1,,
2023-01-22,DEN,OKC,0.6039,-155.0,135.0,False,,,,0.0,,0,,
2023-01-22,DAL,LAC,0.5198,-130.0,110.0,False,,,,0.0,,0,,
2023-01-22,MIA,NOP,0.6356,-280.0,235.0,False,,,,0.0,,1,,
2023-01-23,POR,SAS,0.573,-350.0,270.0,True,SAS,16.92,270.0,5.0,0.58,1,0.0,-1.0
2023-01-23,SAC,MEM,0.61,-170.0,145.0,False,,,,0.0,,1,,
2023-01-23,HOU,MIN,0.3001,200.0,-240.0,False,,,,0.0,,1,,
2023-01-23,DET,MIL,0.2863,450.0,-600.0,False,,,,0.0,,0,,
2023-01-23,CHI,ATL,0.5107,-120.0,100.0,False,,,,0.0,,1,,
2023-01-23,UTA,CHA,0.6511,-390.0,320.0,False,,,,0.0,,1,,
2023-01-23,ORL,BOS,0.3688,255.0,-305.0,False,,,,0.0,,1,,
2023-01-24,NOP,DEN,0.3549,125.0,-155.0,False,,,,0.0,,0,,
2023-01-24,NYK,CLE,0.5204,125.0,-155.0,False,,,,0.0,,1,,
2023-01-24,DAL,WAS,0.4812,-265.0,225.0,True,WAS,22.11,225.0,5.0,0.6861,0,1.0,2.25
2023-01-24,PHX,CHA,0.7207,-285.0,240.0,False,,,,0.0,,1,,
2023-01-24,IND,CHI,0.502,-105.0,-115.0,False,,,,0.0,,1,,
2023-01-24,MIA,BOS,0.611,-145.0,115.0,False,,,,0.0,,1,,
2023-01-24,LAL,LAC,0.5196,150.0,-185.0,False,,,,0.0,,0,,
2023-01-25,POR,UTA,0.5122,-165.0,135.0,False,,,,0.0,,1,,
2023-01-25,MIL,DEN,0.5549,-740.0,540.0,False,,,,0.0,,1,,
2023-01-25,HOU,WAS,0.2386,110.0,-130.0,False,,,,0.0,,0,,
2023-01-25,ORL,IND,0.5625,-195.0,165.0,False,,,,0.0,,1,,
2023-01-25,PHI,BKN,0.6181,-280.0,220.0,False,,,,0.0,,1,,
2023-01-25,NOP,MIN,0.5139,-135.0,105.0,False,,,,0.0,,0,,
2023-01-25,OKC,ATL,0.5318,100.0,-120.0,False,,,,0.0,,0,,
2023-01-25,GSW,MEM,0.527,-145.0,125.0,False,,,,0.0,,1,,
2023-01-25,LAL,SAS,0.7204,-305.0,240.0,False,,,,0.0,,1,,
2023-01-25,SAC,TOR,0.5556,-155.0,125.0,False,,,,0.0,,0,,
2023-01-26,BOS,NYK,0.626,-390.0,295.0,False,,,,0.0,,0,,
2023-01-26,HOU,CLE,0.2196,275.0,-330.0,False,,,,0.0,,0,,
2023-01-26,PHX,DAL,0.5137,-115.0,-105.0,False,,,,0.0,,0,,
2023-01-26,BKN,DET,0.7132,-325.0,255.0,False,,,,0.0,,0,,
2023-01-26,LAC,SAS,0.7827,-975.0,675.0,False,,,,0.0,,1,,
2023-01-26,CHA,CHI,0.3227,135.0,-165.0,False,,,,0.0,,1,,
2023-01-27,MIA,ORL,0.7159,-375.0,285.0,False,,,,0.0,,1,,
2023-01-27,MIN,MEM,0.506,-105.0,-125.0,False,,,,0.0,,1,,
2023-01-27,OKC,CLE,0.5472,-120.0,-110.0,False,,,,0.0,,1,,
2023-01-27,GSW,TOR,0.616,-185.0,150.0,False,,,,0.0,,1,,
2023-01-27,IND,MIL,0.3638,210.0,-250.0,False,,,,0.0,,0,,
2023-01-28,POR,TOR,0.4992,-150.0,120.0,False,,,,0.0,,0,,
2023-01-28,BOS,LAL,0.7558,-325.0,255.0,False,,,,0.0,,1,,
2023-01-28,PHI,DEN,0.5259,-145.0,125.0,False,,,,0.0,,1,,
2023-01-28,MIN,SAC,0.4939,-105.0,-125.0,False,,,,0.0,,1,,
2023-01-28,ATL,LAC,0.4241,-120.0,-110.0,False,,,,0.0,,0,,
2023-01-28,SAS,PHX,0.2912,165.0,-205.0,False,,,,0.0,,0,,
2023-01-28,BKN,NYK,0.648,-115.0,-105.0,False,,,,0.0,,1,,
2023-01-28,ORL,CHI,0.4033,110.0,-140.0,False,,,,0.0,,0,,
2023-01-28,NOP,WAS,0.4533,-210.0,180.0,True,WAS,20.15,180.0,5.0,0.5309,0,1.0,1.8
2023-01-28,DET,HOU,0.4864,-215.0,175.0,True,HOU,16.6,175.0,5.0,0.4125,0,1.0,1.75
2023-01-28,UTA,DAL,0.5237,-300.0,235.0,True,DAL,19.16,235.0,5.0,0.5955,1,0.0,-1.0
2023-01-29,CHA,MIA,0.4585,175.0,-215.0,False,,,,0.0,,1,,
2023-01-29,CLE,LAC,0.7108,-550.0,400.0,False,,,,0.0,,1,,
2023-01-29,MIL,NOP,0.8804,-520.0,410.0,False,,,,0.0,,1,,
2023-01-29,MEM,IND,0.7307,-325.0,270.0,False,,,,0.0,,1,,
2023-01-30,PHX,TOR,0.6083,-125.0,105.0,False,,,,0.0,,1,,
2023-01-30,PHI,ORL,0.6401,-475.0,350.0,False,,,,0.0,,0,,
2023-01-30,POR,ATL,0.4795,-195.0,160.0,True,ATL,15.27,160.0,5.0,0.3534,1,0.0,-1.0
2023-01-30,OKC,GSW,0.5411,165.0,-205.0,True,OKC,18.15,165.0,5.0,0.4339,0,0.0,-1.0
2023-01-30,SAS,WAS,0.2256,195.0,-240.0,False,,,,0.0,,0,,
2023-01-30,DAL,DET,0.7073,-600.0,430.0,False,,,,0.0,,1,,
2023-01-30,BKN,LAL,0.7756,-380.0,310.0,False,,,,0.0,,1,,
2023-01-30,MIN,SAC,0.4432,-115.0,-115.0,False,,,,0.0,,0,,
2023-01-31,CLE,MIA,0.5126,-155.0,135.0,False,,,,0.0,,0,,
2023-01-31,NYK,LAL,0.5457,-130.0,110.0,False,,,,0.0,,0,,
2023-01-31,DEN,NOP,0.839,-255.0,205.0,False,,,,0.0,,1,,
2023-01-31,MIL,CHA,0.8742,-580.0,440.0,False,,,,0.0,,1,,
2023-01-31,CHI,LAC,0.5208,125.0,-145.0,False,,,,0.0,,0,,
2023-02-01,UTA,TOR,0.5524,-130.0,110.0,False,,,,0.0,,1,,
2023-02-01,PHI,ORL,0.7228,-500.0,400.0,False,,,,0.0,,1,,
2023-02-01,HOU,OKC,0.3723,190.0,-225.0,False,,,,0.0,,1,,
2023-02-01,MIN,GSW,0.5199,180.0,-210.0,True,MIN,17.47,180.0,5.0,0.4556,1,1.0,1.8
2023-02-01,SAS,SAC,0.1304,240.0,-285.0,False,,,,0.0,,0,,
2023-02-01,MEM,POR,0.5372,-210.0,180.0,False,,,,0.0,,0,,
2023-02-01,PHX,ATL,0.5115,-115.0,-105.0,False,,,,0.0,,0,,
2023-02-01,BOS,BKN,0.7149,-365.0,300.0,False,,,,0.0,,1,,
2023-02-02,CHI,CHA,0.6682,-245.0,205.0,False,,,,0.0,,1,,
2023-02-02,DEN,GSW,0.82,-265.0,225.0,False,,,,0.0,,1,,
2023-02-02,MIL,LAC,0.6609,-165.0,140.0,False,,,,0.0,,1,,
2023-02-02,NYK,MIA,0.5339,130.0,-150.0,False,,,,0.0,,1,,
2023-02-02,IND,LAL,0.4239,120.0,-140.0,False,,,,0.0,,0,,
2023-02-02,CLE,MEM,0.6519,-240.0,195.0,False,,,,0.0,,1,,
2023-02-02,DAL,NOP,0.6293,-205.0,175.0,False,,,,0.0,,1,,
2023-02-03,SAS,PHI,0.1931,410.0,-520.0,False,,,,0.0,,0,,
2023-02-03,HOU,TOR,0.2204,245.0,-295.0,False,,,,0.0,,0,,
2023-02-03,UTA,ATL,0.4792,-120.0,100.0,False,,,,0.0,,0,,
2023-02-03,DET,CHA,0.5712,100.0,-120.0,False,,,,0.0,,1,,
2023-02-03,WAS,POR,0.506,-175.0,150.0,False,,,,0.0,,0,,
2023-02-03,BOS,PHX,0.7097,-475.0,380.0,False,,,,0.0,,0,,
2023-02-03,IND,SAC,0.4236,-105.0,-115.0,False,,,,0.0,,1,,
2023-02-03,MIN,ORL,0.5998,-200.0,170.0,False,,,,0.0,,0,,
2023-02-04,DET,PHX,0.3257,160.0,-190.0,False,,,,0.0,,0,,
2023-02-04,NOP,LAL,0.5119,-125.0,105.0,False,,,,0.0,,1,,
2023-02-04,DEN,ATL,0.8129,-475.0,380.0,False,,,,0.0,,1,,
2023-02-04,OKC,HOU,0.9059,-425.0,340.0,False,,,,0.0,,1,,
2023-02-04,BKN,WAS,0.7225,-105.0,-115.0,False,,,,0.0,,1,,
2023-02-04,NYK,LAC,0.4906,120.0,-140.0,False,,,,0.0,,0,,
2023-02-04,GSW,DAL,0.6041,-540.0,420.0,True,DAL,21.03,420.0,5.0,1.0589,1,0.0,-1.0
2023-02-04,CHI,POR,0.6146,-150.0,130.0,False,,,,0.0,,1,,
2023-02-04,MIL,MIA,0.6272,-240.0,200.0,False,,,,0.0,,1,,
2023-02-05,MIN,DEN,0.5045,-365.0,300.0,True,DEN,25.39,300.0,5.0,0.9818,1,0.0,-1.0
2023-02-05,CHA,ORL,0.445,-135.0,115.0,False,,,,0.0,,0,,
2023-02-05,NOP,SAC,0.4141,110.0,-130.0,False,,,,0.0,,1,,
2023-02-05,IND,CLE,0.3792,145.0,-170.0,False,,,,0.0,,0,,
2023-02-05,MEM,TOR,0.5669,-115.0,-105.0,False,,,,0.0,,0,,
2023-02-05,NYK,PHI,0.5413,145.0,-180.0,True,NYK,15.29,145.0,5.0,0.3261,1,1.0,1.45
2023-02-06,GSW,OKC,0.6074,-155.0,135.0,False,,,,0.0,,1,,
2023-02-06,CHI,SAS,0.8544,-425.0,340.0,False,,,,0.0,,1,,
2023-02-06,UTA,DAL,0.4461,-450.0,360.0,False,,,,0.0,,0,,
2023-02-06,WAS,CLE,0.5204,140.0,-165.0,False,,,,0.0,,0,,
2023-02-06,HOU,SAC,0.2313,230.0,-275.0,False,,,,0.0,,0,,
2023-02-06,DET,BOS,0.2019,310.0,-380.0,False,,,,0.0,,0,,
2023-02-06,POR,MIL,0.4368,160.0,-190.0,False,,,,0.0,,0,,
2023-02-06,BKN,LAC,0.4827,340.0,-425.0,True,BKN,26.35,340.0,5.0,1.1238,0,0.0,-1.0
2023-02-07,NOP,ATL,0.4664,-110.0,-120.0,False,,,,0.0,,1,,
2023-02-07,LAL,OKC,0.474,-255.0,215.0,True,OKC,21.95,215.0,5.0,0.657,0,1.0,2.15
2023-02-07,MEM,CHI,0.7348,-460.0,370.0,False,,,,0.0,,1,,
2023-02-07,DEN,MIN,0.7398,-320.0,265.0,False,,,,0.0,,1,,
2023-02-07,ORL,NYK,0.3527,100.0,-120.0,False,,,,0.0,,0,,
2023-02-07,BKN,PHX,0.44,220.0,-260.0,False,,,,0.0,,0,,
2023-02-08,MIA,IND,0.723,-240.0,195.0,False,,,,0.0,,1,,
2023-02-08,LAC,DAL,0.4272,-320.0,265.0,False,,,,0.0,,0,,
2023-02-08,UTA,MIN,0.5436,-360.0,295.0,True,MIN,21.2,295.0,5.0,0.8028,0,1.0,2.95
2023-02-08,HOU,SAC,0.2576,295.0,-360.0,False,,,,0.0,,0,,
2023-02-08,BOS,PHI,0.5696,-120.0,100.0,False,,,,0.0,,1,,
2023-02-08,TOR,SAS,0.815,-560.0,430.0,False,,,,0.0,,1,,
2023-02-08,WAS,CHA,0.7867,-155.0,135.0,False,,,,0.0,,1,,
2023-02-08,CLE,DET,0.844,-410.0,330.0,False,,,,0.0,,1,,
2023-02-08,POR,GSW,0.6078,-145.0,125.0,False,,,,0.0,,1,,
2023-02-09,LAL,MIL,0.4274,290.0,-350.0,True,LAL,17.95,290.0,5.0,0.667,0,0.0,-1.0
2023-02-09,ATL,PHX,0.5368,-305.0,255.0,True,PHX,19.09,255.0,5.0,0.6442,1,0.0,-1.0
2023-02-09,BKN,CHI,0.5203,100.0,-130.0,False,,,,0.0,,1,,
2023-02-09,ORL,DEN,0.4265,175.0,-205.0,False,,,,0.0,,1,,
2023-02-10,LAC,MIL,0.4968,120.0,-140.0,False,,,,0.0,,0,,
2023-02-10,POR,OKC,0.3969,-140.0,110.0,False,,,,0.0,,0,,
2023-02-10,IND,PHX,0.3226,-140.0,120.0,False,,,,0.0,,0,,
2023-02-10,BOS,CHA,0.8964,-520.0,410.0,False,,,,0.0,,1,,
2023-02-10,NOP,CLE,0.3916,130.0,-150.0,False,,,,0.0,,0,,
2023-02-10,TOR,UTA,0.5074,-350.0,290.0,True,UTA,24.47,290.0,5.0,0.9212,0,1.0,2.9
2023-02-10,SAC,DAL,0.5192,-175.0,140.0,False,,,,0.0,,0,,
2023-02-10,MIA,HOU,0.8273,-670.0,460.0,False,,,,0.0,,1,,
2023-02-10,PHI,NYK,0.6601,-275.0,230.0,False,,,,0.0,,1,,
2023-02-10,MEM,MIN,0.672,-250.0,210.0,False,,,,0.0,,1,,
2023-02-10,DET,SAS,0.5198,-240.0,200.0,True,SAS,15.95,200.0,5.0,0.4407,1,0.0,-1.0
2023-02-11,ORL,MIA,0.4837,105.0,-125.0,False,,,,0.0,,0,,
2023-02-11,BKN,PHI,0.4277,110.0,-130.0,False,,,,0.0,,0,,
2023-02-11,GSW,LAL,0.622,-205.0,175.0,False,,,,0.0,,0,,
2023-02-11,NYK,UTA,0.5849,-215.0,185.0,False,,,,0.0,,1,,
2023-02-11,WAS,IND,0.7918,-225.0,190.0,False,,,,0.0,,1,,
2023-02-11,CLE,CHI,0.6984,-240.0,200.0,False,,,,0.0,,1,,
2023-02-11,CHA,DEN,0.2187,295.0,-360.0,False,,,,0.0,,0,,
2023-02-11,SAC,DAL,0.6096,110.0,-130.0,False,,,,0.0,,1,,
2023-02-11,ATL,SAS,0.8621,-740.0,540.0,False,,,,0.0,,1,,
2023-02-12,TOR,DET,0.8066,-610.0,460.0,False,,,,0.0,,1,,
2023-02-12,BOS,MEM,0.7007,-155.0,135.0,False,,,,0.0,,1,,
2023-02-13,IND,UTA,0.2894,100.0,-120.0,False,,,,0.0,,0,,
2023-02-13,POR,LAL,0.6147,-130.0,110.0,False,,,,0.0,,1,,
2023-02-13,CHA,ATL,0.3881,180.0,-210.0,False,,,,0.0,,1,,
2023-02-13,OKC,NOP,0.579,-150.0,130.0,False,,,,0.0,,0,,
2023-02-13,NYK,BKN,0.5426,-155.0,125.0,False,,,,0.0,,1,,
2023-02-13,MIA,DEN,0.4789,-110.0,-120.0,False,,,,0.0,,0,,
2023-02-13,CHI,ORL,0.5454,-180.0,155.0,False,,,,0.0,,0,,
2023-02-13,GSW,WAS,0.5712,-170.0,145.0,False,,,,0.0,,1,,
2023-02-13,PHI,HOU,0.9117,-975.0,675.0,False,,,,0.0,,1,,
2023-02-13,CLE,SAS,0.8514,-1250.0,800.0,False,,,,0.0,,1,,
2023-02-13,DAL,MIN,0.481,-215.0,185.0,True,MIN,17.94,185.0,5.0,0.479,0,1.0,1.85
2023-02-14,LAC,GSW,0.6231,-390.0,295.0,False,,,,0.0,,1,,
2023-02-14,POR,WAS,0.4351,-115.0,-115.0,False,,,,0.0,,0,,
2023-02-14,PHX,SAC,0.5083,-140.0,120.0,False,,,,0.0,,1,,
2023-02-14,MIL,BOS,0.5554,-475.0,350.0,True,BOS,23.26,350.0,5.0,1.0008,1,0.0,-1.0
2023-02-14,TOR,ORL,0.7118,-325.0,270.0,False,,,,0.0,,1,,
2023-02-15,MEM,UTA,0.7286,-560.0,430.0,False,,,,0.0,,1,,
2023-02-15,CHA,SAS,0.6018,-210.0,180.0,False,,,,0.0,,1,,
2023-02-15,PHI,CLE,0.5616,-115.0,-115.0,False,,,,0.0,,1,,
2023-02-15,BOS,DET,0.9143,-700.0,510.0,False,,,,0.0,,1,,
2023-02-15,ATL,NYK,0.4529,-170.0,145.0,True,NYK,15.38,145.0,5.0,0.3403,0,1.0,1.45
2023-02-15,DEN,DAL,0.7262,-215.0,185.0,False,,,,0.0,,1,,
2023-02-15,BKN,MIA,0.5012,-120.0,100.0,False,,,,0.0,,1,,
2023-02-15,LAL,NOP,0.5097,-190.0,160.0,False,,,,0.0,,1,,
2023-02-15,OKC,HOU,0.8981,-425.0,340.0,False,,,,0.0,,1,,
2023-02-15,IND,CHI,0.4196,-145.0,115.0,False,,,,0.0,,1,,
2023-02-16,PHX,LAC,0.541,-105.0,-115.0,False,,,,0.0,,0,,
2023-02-16,CHI,MIL,0.3515,275.0,-330.0,False,,,,0.0,,0,,
2023-02-16,MIN,WAS,0.4643,-170.0,145.0,False,,,,0.0,,0,,
2023-02-23,PHI,MEM,0.6946,-165.0,135.0,False,,,,0.0,,1,,
2023-02-23,DAL,SAS,0.8148,-2100.0,1000.0,False,,,,0.0,,1,,
2023-02-23,TOR,NOP,0.6644,-190.0,160.0,False,,,,0.0,,1,,
2023-02-23,CLE,DEN,0.4861,-150.0,130.0,False,,,,0.0,,0,,
2023-02-23,IND,BOS,0.2457,275.0,-330.0,False,,,,0.0,,0,,
2023-02-23,ORL,DET,0.7194,-325.0,270.0,False,,,,0.0,,1,,
2023-02-23,UTA,OKC,0.5334,-120.0,100.0,False,,,,0.0,,1,,
2023-02-23,SAC,POR,0.6153,-580.0,440.0,True,POR,20.64,440.0,5.0,1.0776,1,0.0,-1.0
2023-02-23,LAL,GSW,0.6112,-255.0,215.0,False,,,,0.0,,1,,
2023-02-24,ATL,CLE,0.5452,110.0,-140.0,False,,,,0.0,,1,,
2023-02-24,PHX,OKC,0.7239,-410.0,330.0,False,,,,0.0,,1,,
2023-02-24,MIN,CHA,0.6278,-260.0,220.0,False,,,,0.0,,0,,
2023-02-24,GSW,HOU,0.8363,-360.0,295.0,False,,,,0.0,,1,,
2023-02-24,LAC,SAC,0.5506,-245.0,205.0,False,,,,0.0,,0,,
2023-02-24,MIL,MIA,0.7079,-210.0,170.0,False,,,,0.0,,1,,
2023-02-24,CHI,BKN,0.4974,-155.0,125.0,False,,,,0.0,,1,,
2023-02-24,WAS,NYK,0.4172,-125.0,105.0,False,,,,0.0,,0,,
2023-02-25,ORL,IND,0.5597,-140.0,120.0,False,,,,0.0,,0,,
2023-02-25,UTA,SAS,0.7452,-520.0,410.0,False,,,,0.0,,1,,
2023-02-25,NYK,NOP,0.6898,-175.0,140.0,False,,,,0.0,,1,,
2023-02-25,DET,TOR,0.2217,255.0,-305.0,False,,,,0.0,,0,,
2023-02-25,MEM,DEN,0.5984,-145.0,125.0,False,,,,0.0,,1,,
2023-02-25,CHA,MIA,0.4324,205.0,-245.0,False,,,,0.0,,1,,
2023-02-25,PHI,BOS,0.4358,-105.0,-115.0,False,,,,0.0,,0,,
2023-02-26,CLE,TOR,0.728,-305.0,255.0,False,,,,0.0,,1,,
2023-02-26,OKC,SAC,0.4248,140.0,-165.0,False,,,,0.0,,0,,
2023-02-26,GSW,MIN,0.5778,-130.0,110.0,False,,,,0.0,,1,,
2023-02-26,CHI,WAS,0.5164,-210.0,180.0,False,,,,0.0,,1,,
2023-02-26,DAL,LAL,0.5348,-190.0,160.0,False,,,,0.0,,0,,
2023-02-26,ATL,BKN,0.5598,-255.0,215.0,False,,,,0.0,,1,,
2023-02-26,MIL,PHX,0.7125,-135.0,115.0,False,,,,0.0,,1,,
2023-02-26,POR,HOU,0.7775,-450.0,340.0,False,,,,0.0,,1,,
2023-02-26,DEN,LAC,0.6645,-180.0,145.0,False,,,,0.0,,1,,
2023-02-27,NOP,ORL,0.5187,-205.0,175.0,False,,,,0.0,,0,,
2023-02-27,CHA,DET,0.6333,-285.0,240.0,False,,,,0.0,,1,,
2023-02-27,NYK,BOS,0.595,110.0,-130.0,False,,,,0.0,,1,,
2023-02-27,PHI,MIA,0.6065,-210.0,180.0,False,,,,0.0,,0,,
2023-02-28,ATL,WAS,0.5328,-285.0,240.0,True,WAS,18.29,240.0,5.0,0.5886,0,1.0,2.4
2023-02-28,LAC,MIN,0.5114,-250.0,210.0,True,MIN,17.75,210.0,5.0,0.5146,0,1.0,2.1
2023-02-28,DAL,IND,0.542,-435.0,350.0,True,IND,24.33,350.0,5.0,1.0609,0,1.0,3.5
2023-02-28,TOR,CHI,0.5325,-165.0,140.0,False,,,,0.0,,1,,
2023-02-28,HOU,DEN,0.2173,550.0,-750.0,False,,,,0.0,,0,,
2023-02-28,UTA,SAS,0.6846,-500.0,400.0,False,,,,0.0,,0,,
2023-02-28,BKN,MIL,0.3096,205.0,-245.0,False,,,,0.0,,0,,
2023-02-28,GSW,POR,0.6869,-210.0,180.0,False,,,,0.0,,1,,
2023-02-28,OKC,SAC,0.382,120.0,-140.0,False,,,,0.0,,0,,
2023-02-28,MEM,LAL,0.729,-400.0,300.0,False,,,,0.0,,1,,
2023-03-01,MIA,PHI,0.3665,-170.0,145.0,True,PHI,24.02,145.0,5.0,0.552,0,1.0,1.45
2023-03-01,POR,NOP,0.5133,-150.0,130.0,False,,,,0.0,,0,,
2023-03-01,BOS,CLE,0.6071,-210.0,170.0,False,,,,0.0,,1,,
2023-03-01,HOU,MEM,0.1031,440.0,-580.0,False,,,,0.0,,0,,
2023-03-01,NYK,BKN,0.7408,-305.0,255.0,False,,,,0.0,,1,,
2023-03-01,CHA,PHX,0.3136,410.0,-520.0,False,,,,0.0,,0,,
2023-03-01,MIL,ORL,0.7558,-365.0,300.0,False,,,,0.0,,1,,
2023-03-01,DET,CHI,0.2753,225.0,-265.0,False,,,,0.0,,0,,
2023-03-01,OKC,LAL,0.5522,-155.0,135.0,False,,,,0.0,,0,,
2023-03-02,WAS,TOR,0.5424,105.0,-125.0,False,,,,0.0,,1,,
2023-03-02,SAS,IND,0.3986,170.0,-210.0,False,,,,0.0,,1,,
2023-03-02,DAL,PHI,0.5237,-155.0,125.0,False,,,,0.0,,1,,
2023-03-02,GSW,LAC,0.5813,120.0,-140.0,False,,,,0.0,,1,,
2023-03-03,MIA,NYK,0.3599,-105.0,-125.0,False,,,,0.0,,0,,
2023-03-03,ATL,POR,0.6182,-325.0,270.0,False,,,,0.0,,1,,
2023-03-03,CHI,PHX,0.4804,125.0,-155.0,False,,,,0.0,,0,,
2023-03-03,DEN,MEM,0.6439,-240.0,200.0,False,,,,0.0,,1,,
2023-03-03,CHA,ORL,0.4932,135.0,-155.0,False,,,,0.0,,0,,
2023-03-03,GSW,NOP,0.7195,-205.0,175.0,False,,,,0.0,,1,,
2023-03-03,SAC,LAC,0.708,-275.0,230.0,False,,,,0.0,,1,,
2023-03-03,OKC,UTA,0.5567,-125.0,105.0,False,,,,0.0,,1,,
2023-03-03,LAL,MIN,0.492,-110.0,-120.0,False,,,,0.0,,0,,
2023-03-03,BOS,BKN,0.7075,-450.0,360.0,False,,,,0.0,,0,,
2023-03-04,SAC,MIN,0.4906,-170.0,145.0,False,,,,0.0,,0,,
2023-03-04,SAS,HOU,0.4962,-105.0,-115.0,False,,,,0.0,,0,,
2023-03-04,WAS,TOR,0.5621,120.0,-140.0,False,,,,0.0,,0,,
2023-03-04,CLE,DET,0.9082,-5000.0,1400.0,False,,,,0.0,,1,,
2023-03-04,MIA,ATL,0.61,-125.0,-105.0,False,,,,0.0,,1,,
2023-03-04,MIL,PHI,0.5394,-195.0,165.0,False,,,,0.0,,0,,
2023-03-05,OKC,UTA,0.59,-250.0,210.0,False,,,,0.0,,1,,
2023-03-05,CHI,IND,0.5597,-210.0,180.0,False,,,,0.0,,0,,
2023-03-05,LAC,MEM,0.5172,-280.0,220.0,True,MEM,18.5,220.0,5.0,0.5449,1,0.0,-1.0
2023-03-05,ORL,POR,0.4983,-145.0,125.0,False,,,,0.0,,0,,
2023-03-05,WAS,MIL,0.4561,190.0,-235.0,False,,,,0.0,,0,,
2023-03-05,LAL,GSW,0.5123,135.0,-165.0,False,,,,0.0,,1,,
2023-03-05,DAL,PHX,0.4951,115.0,-135.0,False,,,,0.0,,0,,
2023-03-05,BKN,CHA,0.6717,-325.0,270.0,False,,,,0.0,,1,,
2023-03-05,HOU,SAS,0.5044,-210.0,170.0,False,,,,0.0,,1,,
2023-03-05,BOS,NYK,0.4709,-265.0,225.0,True,NYK,23.14,225.0,5.0,0.7194,0,1.0,2.25
2023-03-06,CLE,BOS,0.7591,-330.0,275.0,False,,,,0.0,,1,,
2023-03-06,IND,PHI,0.1339,200.0,-240.0,False,,,,0.0,,0,,
2023-03-06,MIA,ATL,0.5265,-135.0,105.0,False,,,,0.0,,1,,
2023-03-06,DET,POR,0.3266,160.0,-190.0,False,,,,0.0,,0,,
2023-03-06,DEN,TOR,0.7461,-245.0,205.0,False,,,,0.0,,1,,
2023-03-06,SAC,NOP,0.696,-190.0,160.0,False,,,,0.0,,1,,
2023-03-07,MIN,PHI,0.3997,-150.0,120.0,False,,,,0.0,,0,,
2023-03-07,LAL,MEM,0.4918,-105.0,-115.0,False,,,,0.0,,1,,
2023-03-07,OKC,GSW,0.5232,120.0,-150.0,False,,,,0.0,,1,,
2023-03-07,ORL,MIL,0.3199,-105.0,-125.0,False,,,,0.0,,0,,
2023-03-07,HOU,BKN,0.2519,185.0,-230.0,False,,,,0.0,,0,,
2023-03-07,NYK,CHA,0.6738,-425.0,340.0,False,,,,0.0,,0,,
2023-03-07,DET,WAS,0.2509,380.0,-520.0,False,,,,0.0,,0,,
2023-03-07,DAL,UTA,0.7046,-750.0,500.0,False,,,,0.0,,1,,
2023-03-08,PHX,OKC,0.7287,-825.0,550.0,False,,,,0.0,,1,,
2023-03-08,LAC,TOR,0.6477,-140.0,110.0,False,,,,0.0,,1,,
2023-03-08,NOP,DAL,0.5331,-105.0,-125.0,False,,,,0.0,,1,,
2023-03-08,DEN,CHI,0.6836,-540.0,390.0,False,,,,0.0,,0,,
2023-03-08,MIA,CLE,0.4142,-115.0,-115.0,False,,,,0.0,,0,,
2023-03-08,WAS,ATL,0.5052,120.0,-150.0,False,,,,0.0,,0,,
2023-03-08,BOS,POR,0.7389,-450.0,340.0,False,,,,0.0,,1,,
2023-03-09,DET,CHA,0.3378,135.0,-165.0,False,,,,0.0,,0,,
2023-03-09,SAC,NYK,0.5816,-125.0,-105.0,False,,,,0.0,,1,,
2023-03-09,MEM,GSW,0.6046,130.0,-150.0,False,,,,0.0,,1,,
2023-03-09,ORL,UTA,0.4287,-175.0,140.0,False,,,,0.0,,0,,
2023-03-09,IND,HOU,0.5838,-490.0,360.0,True,HOU,20.88,360.0,5.0,0.9146,1,0.0,-1.0
2023-03-09,MIL,BKN,0.7922,-440.0,330.0,False,,,,0.0,,1,,
2023-03-10,SAS,DEN,0.3223,550.0,-825.0,False,,,,0.0,,1,,
2023-03-10,PHI,POR,0.7703,-400.0,300.0,False,,,,0.0,,1,,
2023-03-10,LAL,TOR,0.5798,-105.0,-125.0,False,,,,0.0,,1,,
2023-03-10,MIA,CLE,0.43,-110.0,-120.0,False,,,,0.0,,1,,
2023-03-10,WAS,ATL,0.5035,-105.0,-125.0,False,,,,0.0,,0,,
2023-03-10,MIN,BKN,0.541,-190.0,155.0,False,,,,0.0,,0,,
2023-03-11,HOU,CHI,0.2196,205.0,-255.0,False,,,,0.0,,0,,
2023-03-11,NOP,OKC,0.4914,100.0,-130.0,False,,,,0.0,,0,,
2023-03-11,LAC,NYK,0.5051,-205.0,175.0,False,,,,0.0,,1,,
2023-03-11,CHA,UTA,0.4035,-115.0,-115.0,False,,,,0.0,,0,,
2023-03-11,PHX,SAC,0.4346,-165.0,140.0,False,,,,0.0,,0,,
2023-03-11,MEM,DAL,0.7194,-285.0,225.0,False,,,,0.0,,1,,
2023-03-11,DET,IND,0.2765,160.0,-195.0,False,,,,0.0,,0,,
2023-03-11,GSW,MIL,0.5225,-165.0,140.0,False,,,,0.0,,1,,
2023-03-11,ATL,BOS,0.3306,135.0,-165.0,False,,,,0.0,,0,,
2023-03-11,ORL,MIA,0.5091,120.0,-150.0,False,,,,0.0,,1,,
2023-03-12,DEN,BKN,0.6274,-440.0,330.0,True,BKN,15.05,330.0,4.56,0.6021,0,1.0,3.3
2023-03-12,SAS,OKC,0.3028,115.0,-145.0,False,,,,0.0,,0,,
2023-03-12,NOP,POR,0.529,-175.0,140.0,False,,,,0.0,,1,,
2023-03-12,PHI,WAS,0.6493,-285.0,240.0,False,,,,0.0,,1,,
2023-03-12,CHA,CLE,0.2764,380.0,-520.0,False,,,,0.0,,0,,
2023-03-12,LAL,NYK,0.446,-145.0,115.0,False,,,,0.0,,0,,
2023-03-13,ATL,MIN,0.4913,-215.0,175.0,True,MIN,16.12,175.0,5.0,0.3991,0,1.0,1.75
2023-03-13,GSW,PHX,0.5722,-185.0,150.0,False,,,,0.0,,1,,
2023-03-13,DAL,MEM,0.3885,125.0,-155.0,False,,,,0.0,,0,,
2023-03-13,MIA,UTA,0.6491,-365.0,300.0,False,,,,0.0,,1,,
2023-03-13,HOU,BOS,0.3211,600.0,-850.0,False,,,,0.0,,1,,
2023-03-13,SAC,MIL,0.4661,125.0,-155.0,False,,,,0.0,,0,,
2023-03-13,DET,IND,0.2948,135.0,-165.0,False,,,,0.0,,1,,
2023-03-14,TOR,DEN,0.4611,-110.0,-120.0,False,,,,0.0,,1,,
2023-03-14,PHX,MIL,0.4875,-125.0,-105.0,False,,,,0.0,,0,,
2023-03-14,OKC,BKN,0.5785,-150.0,120.0,False,,,,0.0,,1,,
2023-03-14,CHA,CLE,0.2402,190.0,-235.0,False,,,,0.0,,0,,
2023-03-14,WAS,DET,0.8088,-1600.0,850.0,False,,,,0.0,,1,,
2023-03-14,SAS,ORL,0.3678,225.0,-285.0,False,,,,0.0,,1,,
2023-03-14,POR,NYK,0.2688,115.0,-145.0,False,,,,0.0,,0,,
2023-03-14,NOP,LAL,0.5496,-115.0,-115.0,False,,,,0.0,,0,,
2023-03-15,MIA,MEM,0.5067,-125.0,-105.0,False,,,,0.0,,1,,
2023-03-15,MIN,BOS,0.3792,120.0,-150.0,False,,,,0.0,,0,,
2023-03-15,CLE,PHI,0.3245,125.0,-155.0,False,,,,0.0,,0,,
2023-03-15,HOU,LAL,0.3946,105.0,-135.0,False,,,,0.0,,1,,
2023-03-15,SAS,DAL,0.2774,145.0,-180.0,False,,,,0.0,,0,,
2023-03-15,CHI,SAC,0.3812,-105.0,-125.0,False,,,,0.0,,0,,
2023-03-15,LAC,GSW,0.5703,-125.0,-105.0,False,,,,0.0,,1,,
2023-03-16,PHX,ORL,0.6973,-325.0,255.0,False,,,,0.0,,1,,
2023-03-16,BKN,SAC,0.4113,-175.0,140.0,False,,,,0.0,,0,,
2023-03-16,DET,DEN,0.2665,850.0,-1400.0,False,,,,0.0,,0,,
2023-03-16,TOR,OKC,0.5052,-235.0,190.0,True,OKC,16.52,190.0,5.0,0.4348,1,0.0,-1.0
2023-03-16,MIL,IND,0.7003,-750.0,550.0,False,,,,0.0,,0,,
2023-03-17,LAL,DAL,0.5084,-185.0,150.0,False,,,,0.0,,0,,
2023-03-17,SAS,MEM,0.2026,410.0,-570.0,False,,,,0.0,,0,,
2023-03-17,CLE,WAS,0.6452,-230.0,185.0,False,,,,0.0,,1,,
2023-03-17,ATL,GSW,0.4907,145.0,-180.0,False,,,,0.0,,1,,
2023-03-17,HOU,NOP,0.4062,190.0,-235.0,False,,,,0.0,,1,,
2023-03-17,CHA,PHI,0.2008,310.0,-410.0,False,,,,0.0,,0,,
2023-03-17,CHI,MIN,0.5529,-125.0,-105.0,False,,,,0.0,,1,,
2023-03-17,POR,BOS,0.2181,215.0,-255.0,False,,,,0.0,,0,,
2023-03-18,MEM,GSW,0.6974,-115.0,-115.0,False,,,,0.0,,1,,
2023-03-18,NYK,DEN,0.5901,-110.0,-120.0,False,,,,0.0,,1,,
2023-03-18,TOR,MIN,0.6393,-475.0,350.0,False,,,,0.0,,1,,
2023-03-18,WAS,SAC,0.3546,145.0,-180.0,False,,,,0.0,,0,,
2023-03-18,CHI,MIA,0.5042,100.0,-130.0,False,,,,0.0,,1,,
2023-03-18,IND,PHI,0.2289,140.0,-175.0,False,,,,0.0,,0,,
2023-03-18,LAC,ORL,0.6132,-190.0,155.0,False,,,,0.0,,0,,
2023-03-18,UTA,BOS,0.5664,180.0,-220.0,True,UTA,22.45,180.0,5.0,0.5859,1,1.0,1.8
2023-03-19,BKN,DEN,0.4745,120.0,-150.0,False,,,,0.0,,0,,
2023-03-19,MIL,TOR,0.8257,-390.0,295.0,False,,,,0.0,,1,,
2023-03-19,OKC,PHX,0.5054,-130.0,100.0,False,,,,0.0,,1,,
2023-03-19,SAS,ATL,0.3486,390.0,-540.0,True,SAS,15.39,390.0,4.54,0.7083,1,1.0,3.9
2023-03-19,DET,MIA,0.2735,370.0,-500.0,False,,,,0.0,,0,,
2023-03-19,POR,LAC,0.2566,155.0,-190.0,False,,,,0.0,,0,,
2023-03-19,LAL,ORL,0.7442,-255.0,205.0,False,,,,0.0,,1,,
2023-03-19,HOU,NOP,0.3135,195.0,-240.0,False,,,,0.0,,0,,
2023-03-20,HOU,GSW,0.2858,500.0,-675.0,False,,,,0.0,,0,,
2023-03-20,MEM,DAL,0.7308,-180.0,155.0,False,,,,0.0,,1,,
2023-03-20,NYK,MIN,0.6193,-345.0,285.0,False,,,,0.0,,0,,
2023-03-20,PHI,CHI,0.4965,-325.0,270.0,True,CHI,24.24,270.0,5.0,0.863,0,1.0,2.7
2023-03-20,UTA,SAC,0.4441,230.0,-290.0,True,UTA,15.46,230.0,5.0,0.4656,1,1.0,2.3
2023-03-20,CHA,IND,0.4825,115.0,-135.0,False,,,,0.0,,1,,
2023-03-21,SAC,BOS,0.4322,170.0,-200.0,False,,,,0.0,,0,,
2023-03-21,ORL,WAS,0.4695,-115.0,-105.0,False,,,,0.0,,1,,
2023-03-21,ATL,DET,0.8021,-900.0,625.0,False,,,,0.0,,1,,
2023-03-21,BKN,CLE,0.3111,150.0,-175.0,False,,,,0.0,,0,,
2023-03-21,NOP,SAS,0.7073,-975.0,675.0,False,,,,0.0,,1,,
2023-03-21,LAC,OKC,0.4976,-260.0,220.0,True,OKC,20.03,220.0,5.0,0.6075,0,1.0,2.2
2023-03-22,CHI,PHI,0.35,105.0,-125.0,False,,,,0.0,,0,,
2023-03-22,WAS,DEN,0.3597,300.0,-365.0,False,,,,0.0,,0,,
2023-03-22,MEM,HOU,0.8461,-750.0,550.0,False,,,,0.0,,1,,
2023-03-22,LAL,PHX,0.509,-130.0,100.0,False,,,,0.0,,1,,
2023-03-22,MIN,ATL,0.5148,-150.0,130.0,False,,,,0.0,,1,,
2023-03-22,MIA,NYK,0.5354,-140.0,110.0,False,,,,0.0,,1,,
2023-03-22,UTA,POR,0.5265,-205.0,175.0,False,,,,0.0,,0,,
2023-03-22,MIL,SAS,0.8822,-2400.0,1200.0,False,,,,0.0,,1,,
2023-03-22,TOR,IND,0.6068,-365.0,300.0,True,IND,15.17,300.0,4.77,0.5729,0,1.0,3.0
2023-03-22,DAL,GSW,0.4802,130.0,-160.0,False,,,,0.0,,0,,
2023-03-23,BKN,CLE,0.3315,120.0,-140.0,False,,,,0.0,,0,,
2023-03-23,ORL,NYK,0.4717,130.0,-150.0,False,,,,0.0,,1,,
2023-03-23,LAC,OKC,0.5797,-195.0,165.0,False,,,,0.0,,1,,
2023-03-23,NOP,CHA,0.7011,-435.0,350.0,False,,,,0.0,,1,,
2023-03-24,TOR,DET,0.8205,-850.0,600.0,False,,,,0.0,,1,,
2023-03-24,UTA,MIL,0.3403,350.0,-435.0,False,,,,0.0,,0,,
2023-03-24,BOS,IND,0.676,-560.0,430.0,False,,,,0.0,,1,,
2023-03-24,SAC,PHX,0.6217,-200.0,170.0,False,,,,0.0,,1,,
2023-03-24,DAL,CHA,0.6567,-1150.0,750.0,False,,,,0.0,,0,,
2023-03-24,WAS,SAS,0.6842,-365.0,300.0,False,,,,0.0,,1,,
2023-03-24,GSW,PHI,0.5664,-190.0,160.0,False,,,,0.0,,1,,
2023-03-24,MEM,HOU,0.846,-750.0,550.0,False,,,,0.0,,1,,
2023-03-24,LAL,OKC,0.7263,-155.0,135.0,False,,,,0.0,,1,,
2023-03-24,POR,CHI,0.2992,235.0,-280.0,False,,,,0.0,,0,,
2023-03-25,DEN,MIL,0.6235,-165.0,140.0,False,,,,0.0,,1,,
2023-03-25,LAC,NOP,0.5627,-195.0,165.0,False,,,,0.0,,0,,
2023-03-25,MIA,BKN,0.5193,-225.0,190.0,False,,,,0.0,,0,,
2023-03-25,PHX,PHI,0.4993,-115.0,-105.0,False,,,,0.0,,1,,
2023-03-25,ATL,IND,0.705,-460.0,370.0,False,,,,0.0,,1,,
2023-03-25,SAC,UTA,0.7842,-450.0,360.0,False,,,,0.0,,1,,
2023-03-26,ATL,MEM,0.4273,-105.0,-115.0,False,,,,0.0,,0,,
2023-03-26,BOS,SAS,0.8674,-1500.0,900.0,False,,,,0.0,,1,,
2023-03-26,CHA,DAL,0.5035,510.0,-700.0,False,,,,0.0,,1,,
2023-03-26,ORL,BKN,0.5287,-115.0,-105.0,False,,,,0.0,,1,,
2023-03-26,TOR,WAS,0.5924,-450.0,360.0,True,WAS,19.76,360.0,5.0,0.8747,1,0.0,-1.0
2023-03-26,LAL,CHI,0.5145,-205.0,175.0,False,,,,0.0,,0,,
2023-03-26,CLE,HOU,0.91,-1050.0,700.0,False,,,,0.0,,1,,
2023-03-26,POR,OKC,0.3351,370.0,-500.0,False,,,,0.0,,0,,
2023-03-26,GSW,MIN,0.5526,-205.0,175.0,False,,,,0.0,,0,,
2023-03-27,DET,MIL,0.0311,490.0,-660.0,False,,,,0.0,,0,,
2023-03-27,LAC,CHI,0.5592,-180.0,155.0,False,,,,0.0,,1,,
2023-03-27,NYK,HOU,0.9318,-800.0,575.0,False,,,,0.0,,1,,
2023-03-27,IND,DAL,0.4431,255.0,-305.0,True,IND,17.09,255.0,5.0,0.573,0,0.0,-1.0
2023-03-27,POR,NOP,0.2861,510.0,-700.0,False,,,,0.0,,0,,
2023-03-27,DEN,PHI,0.5489,-425.0,340.0,True,PHI,23.19,340.0,5.0,0.9847,1,0.0,-1.0
2023-03-27,SAC,MIN,0.5696,-215.0,185.0,False,,,,0.0,,0,,
2023-03-27,UTA,PHX,0.3439,160.0,-190.0,False,,,,0.0,,0,,
2023-03-28,MEM,ORL,0.7225,-240.0,200.0,False,,,,0.0,,1,,
2023-03-28,WAS,BOS,0.3971,440.0,-580.0,True,WAS,21.87,440.0,5.0,1.1441,1,1.0,4.4
2023-03-28,OKC,CHA,0.593,-435.0,350.0,True,CHA,19.23,350.0,5.0,0.8315,0,1.0,3.5
2023-03-28,TOR,MIA,0.5427,-185.0,150.0,False,,,,0.0,,1,,
2023-03-28,ATL,CLE,0.4878,-150.0,130.0,False,,,,0.0,,1,,
2023-03-28,GSW,NOP,0.7064,-570.0,410.0,False,,,,0.0,,1,,
2023-03-29,OKC,DET,0.7999,-410.0,330.0,False,,,,0.0,,1,,
2023-03-29,BKN,HOU,0.7953,-580.0,440.0,False,,,,0.0,,1,,
2023-03-29,PHX,MIN,0.6575,-230.0,185.0,False,,,,0.0,,1,,
2023-03-29,MEM,LAC,0.6121,-130.0,110.0,False,,,,0.0,,0,,
2023-03-29,NYK,MIA,0.75,-225.0,190.0,False,,,,0.0,,1,,
2023-03-29,IND,MIL,0.1987,550.0,-750.0,False,,,,0.0,,0,,
2023-03-29,SAS,UTA,0.1843,105.0,-125.0,False,,,,0.0,,0,,
2023-03-29,CHI,LAL,0.5503,150.0,-175.0,True,CHI,16.44,150.0,5.0,0.3758,0,0.0,-1.0
2023-03-29,POR,SAC,0.1359,750.0,-1150.0,False,,,,0.0,,0,,
2023-03-29,PHI,DAL,0.665,-225.0,190.0,False,,,,0.0,,1,,
2023-03-30,DEN,NOP,0.5776,-130.0,100.0,False,,,,0.0,,0,,
2023-03-30,MIL,BOS,0.5285,-130.0,100.0,False,,,,0.0,,0,,
2023-03-31,PHX,DEN,0.5931,-850.0,600.0,False,,,,0.0,,1,,
2023-03-31,PHI,TOR,0.6911,-170.0,145.0,False,,,,0.0,,1,,
2023-03-31,MEM,LAC,0.6127,-215.0,185.0,False,,,,0.0,,1,,
2023-03-31,GSW,SAS,0.8421,-2100.0,1100.0,False,,,,0.0,,1,,
2023-03-31,HOU,DET,0.5158,-230.0,195.0,True,DET,15.7,195.0,5.0,0.4285,1,0.0,-1.0
2023-03-31,BKN,ATL,0.5163,125.0,-155.0,False,,,,0.0,,1,,
2023-03-31,IND,OKC,0.4876,175.0,-205.0,False,,,,0.0,,1,,
2023-03-31,CLE,NYK,0.5161,-165.0,140.0,False,,,,0.0,,0,,
2023-03-31,MIN,LAL,0.4962,105.0,-125.0,False,,,,0.0,,0,,
2023-03-31,BOS,UTA,0.8161,-850.0,600.0,False,,,,0.0,,1,,
2023-03-31,CHA,CHI,0.3239,470.0,-625.0,True,CHA,15.48,470.0,4.5,0.8464,0,0.0,-1.0
2023-03-31,POR,SAC,0.1177,700.0,-1050.0,False,,,,0.0,,0,,
2023-03-31,WAS,ORL,0.4877,150.0,-175.0,False,,,,0.0,,0,,
2023-04-01,NOP,LAC,0.684,-175.0,150.0,False,,,,0.0,,1,,
2023-04-01,MIA,DAL,0.5499,120.0,-140.0,False,,,,0.0,,1,,
2023-04-02,SAC,SAS,0.7677,-1650.0,950.0,False,,,,0.0,,0,,
2023-04-02,CHA,TOR,0.2349,950.0,-1650.0,False,,,,0.0,,0,,
2023-04-02,BKN,UTA,0.7099,-295.0,245.0,False,,,,0.0,,1,,
2023-04-02,ORL,DET,0.8423,-580.0,440.0,False,,,,0.0,,1,,
2023-04-02,CLE,IND,0.834,-800.0,575.0,False,,,,0.0,,1,,
2023-04-02,DEN,GSW,0.7177,140.0,-165.0,False,,,,0.0,,1,,
2023-04-02,MIN,POR,0.6143,-2100.0,1100.0,False,,,,0.0,,0,,
2023-04-02,OKC,PHX,0.382,180.0,-210.0,False,,,,0.0,,0,,
2023-04-02,MIL,PHI,0.5803,-200.0,170.0,False,,,,0.0,,1,,
2023-04-02,NYK,WAS,0.7496,-580.0,440.0,False,,,,0.0,,1,,
2023-04-02,ATL,DAL,0.6737,-150.0,130.0,False,,,,0.0,,1,,
2023-04-02,CHI,MEM,0.5098,-110.0,-110.0,False,,,,0.0,,1,,
2023-04-02,HOU,LAL,0.2184,490.0,-660.0,False,,,,0.0,,0,,
2023-04-04,WAS,MIL,0.2821,700.0,-1050.0,False,,,,0.0,,0,,
2023-04-04,UTA,LAL,0.4446,460.0,-610.0,True,UTA,27.25,460.0,5.0,1.4896,0,0.0,-1.0
2023-04-04,ORL,CLE,0.3883,135.0,-155.0,False,,,,0.0,,0,,
2023-04-04,HOU,DEN,0.2677,460.0,-610.0,False,,,,0.0,,1,,
2023-04-04,DET,MIA,0.2125,700.0,-1050.0,False,,,,0.0,,0,,
2023-04-04,MEM,POR,0.9051,-2100.0,1100.0,False,,,,0.0,,1,,
2023-04-04,PHX,SAS,0.9159,-2100.0,1100.0,False,,,,0.0,,1,,
2023-04-04,CHA,TOR,0.2253,900.0,-1500.0,False,,,,0.0,,0,,
2023-04-04,GSW,OKC,0.6443,-305.0,255.0,False,,,,0.0,,1,,
2023-04-04,PHI,BOS,0.5255,-165.0,140.0,False,,,,0.0,,1,,
2023-04-04,CHI,ATL,0.5501,-230.0,195.0,False,,,,0.0,,0,,
2023-04-04,BKN,MIN,0.5372,130.0,-150.0,False,,,,0.0,,0,,
2023-04-04,NOP,SAC,0.4221,-180.0,155.0,True,SAC,19.9,155.0,5.0,0.4736,0,1.0,1.55
2023-04-05,IND,NYK,0.2659,165.0,-195.0,False,,,,0.0,,0,,
2023-04-05,DAL,SAC,0.525,-225.0,190.0,False,,,,0.0,,1,,
2023-04-05,LAC,LAL,0.689,100.0,-120.0,False,,,,0.0,,1,,
2023-04-05,ATL,WAS,0.7705,-950.0,600.0,False,,,,0.0,,1,,
2023-04-05,DET,BKN,0.2714,440.0,-580.0,False,,,,0.0,,0,,
2023-04-05,MIL,CHI,0.7367,-230.0,185.0,False,,,,0.0,,1,,
2023-04-05,BOS,TOR,0.7922,100.0,-120.0,False,,,,0.0,,1,,
2023-04-05,NOP,MEM,0.6177,-265.0,225.0,False,,,,0.0,,1,,
2023-04-06,SAS,POR,0.4617,-215.0,185.0,True,POR,19.87,185.0,5.0,0.534,1,0.0,-1.0
2023-04-06,ORL,CLE,0.354,-190.0,155.0,True,CLE,27.15,155.0,5.0,0.6472,0,1.0,1.55
2023-04-06,UTA,OKC,0.3932,240.0,-285.0,False,,,,0.0,,0,,
2023-04-06,PHX,DEN,0.6144,-900.0,625.0,False,,,,0.0,,1,,
2023-04-06,PHI,MIA,0.5051,-115.0,-115.0,False,,,,0.0,,0,,
2023-04-07,WAS,MIA,0.5002,130.0,-160.0,False,,,,0.0,,1,,
2023-04-07,ATL,PHI,0.442,-760.0,510.0,False,,,,0.0,,0,,
2023-04-07,DAL,CHI,0.3753,-125.0,105.0,False,,,,0.0,,0,,
2023-04-07,IND,DET,0.5435,-250.0,210.0,False,,,,0.0,,0,,
2023-04-07,CHA,HOU,0.5056,180.0,-210.0,True,CHA,16.04,180.0,5.0,0.4156,0,0.0,-1.0
2023-04-07,BOS,TOR,0.7591,110.0,-130.0,False,,,,0.0,,1,,
2023-04-07,SAC,GSW,0.5267,440.0,-580.0,False,,,,0.0,,0,,
2023-04-07,NOP,NYK,0.5094,-320.0,265.0,True,NYK,22.61,265.0,5.0,0.7906,1,0.0,-1.0
2023-04-07,MIL,MEM,0.567,320.0,-425.0,False,,,,0.0,,0,,
2023-04-07,BKN,ORL,0.6198,-425.0,340.0,True,ORL,16.1,340.0,4.95,0.673,1,0.0,-1.0
2023-04-07,LAL,PHX,0.5707,-950.0,650.0,False,,,,0.0,,1,,
2023-04-08,LAC,POR,0.8679,-2100.0,1100.0,False,,,,0.0,,1,,
2023-04-08,UTA,DEN,0.4436,340.0,-425.0,True,UTA,22.44,340.0,5.0,0.9518,1,1.0,3.4
2023-04-08,SAS,MIN,0.2574,900.0,-1500.0,False,,,,0.0,,0,,
2023-04-09,NYK,IND,0.8053,-475.0,380.0,False,,,,0.0,,0,,
2023-04-09,PHX,LAC,0.6334,360.0,-450.0,False,,,,0.0,,0,,
2023-04-09,DAL,SAS,0.6182,-170.0,145.0,False,,,,0.0,,0,,
2023-04-09,POR,GSW,0.1917,950.0,-1650.0,False,,,,0.0,,0,,
2023-04-09,MIN,NOP,0.483,-155.0,135.0,False,,,,0.0,,1,,
2023-04-09,OKC,MEM,0.4593,-135.0,115.0,False,,,,0.0,,1,,
2023-04-09,WAS,HOU,0.5396,145.0,-170.0,False,,,,0.0,,0,,
2023-04-09,MIA,ORL,0.6307,-200.0,170.0,False,,,,0.0,,1,,
2023-04-09,BOS,ATL,0.7574,-180.0,155.0,False,,,,0.0,,1,,
2023-04-09,LAL,UTA,0.8349,-1800.0,1000.0,False,,,,0.0,,1,,
2023-04-09,CHI,DET,0.8635,-320.0,265.0,False,,,,0.0,,1,,
2023-04-09,CLE,CHA,0.8208,-250.0,210.0,False,,,,0.0,,0,,
2023-04-09,BKN,PHI,0.3435,-120.0,100.0,False,,,,0.0,,0,,
2023-04-09,DEN,SAC,0.5213,185.0,-215.0,True,DEN,18.18,185.0,5.0,0.4858,1,1.0,1.85
2023-04-09,TOR,MIL,0.5608,-165.0,140.0,False,,,,0.0,,1,,
